100
271.421551 -109.564407 323.089828 279.194563 -334.155687 184.645681 -38.576205 -371.397184 57.065728 -118.439619 196.145855 -13.296516 180.460491 457.386100 303.967265 229.855006 -510.296133 205.174629 -87.849518 98.732644 96.816551 304.822171 50.403752 -315.038364 59.883380 -404.466143 -639.598779 429.448451 159.338237 243.203824 -550.086634 45.777934 44.109833 -13.533802 -123.707174 -22.900314 415.799312 -30.554437 91.063515 143.591977 -40.609824 -332.287290 -325.683123 -111.838549 826.461774 -181.915662 17.111464 -318.137396 -189.492407 329.265098 425.390367 35.660969 -207.229416 121.196679 119.672788 -93.551869 -257.406648 169.483873 170.778247 -341.258128 422.652092 398.181552 -244.130377 288.376117 -187.614982 -458.363756 173.470564 -31.987620 -409.457412 11.225177 -241.719604 -430.968425 194.249145 -105.556976 212.617234 -135.613036 -229.693313 372.663719 16.709453 -145.993462 -152.353280 -418.893678 -585.334880 -394.027806 314.662981 102.268743 111.032170 -486.524040 -114.925163 -683.290391 -213.243580 33.434761 -773.645024 950.374495 12.343957 213.347161 -315.108339 -223.140226 341.188749 -428.736375
-504.253051 -282.976815 -38.791415 -126.850178 196.681237 62.302836 -677.526123 59.277688 -88.311376 -300.351648 658.822323 -280.077508 439.361247 -272.515742 -32.162184 -65.975572 207.024598 43.193742 -131.189632 -73.175925 -29.157384 457.240492 124.179641 297.899209 695.945470 -390.909865 -407.822248 -29.863635 -302.215243 -380.699560 -159.274275 -65.430625 -72.243485 234.445590 194.050778 -484.875845 74.574706 -726.069493 -383.354814 -346.294247 603.049385 -479.074836 491.046792 -11.946843 293.801929 609.994366 331.773111 136.673611 208.234082 -338.319236 58.519161 -36.930016 -53.615203 -450.108053 210.842781 240.368574 29.048528 -351.183459 193.406210 5.678741 422.607772 -265.361209 468.863023 -138.738274 -28.226736 -24.252748 -33.920594 -584.184146 -488.563490 -186.121232 147.054388 -92.063795 311.959161 -66.982979 312.071158 445.452838 -26.079389 525.424451 -47.531229 -200.016644 -18.543409 148.241703 -423.472287 460.587836 216.762744 143.881930 760.043968 -336.422453 27.072710 107.759729 -511.014535 32.738674 350.927018 -212.558776 -11.787831 -170.766109 -139.422804 691.179979 -646.457457 1.875335
-21.557859 444.796921 329.169174 -761.908577 -127.923887 495.654018 234.644009 136.854120 526.980579 -518.928757 -218.721664 -10.577992 -44.008049 -79.681717 216.845483 -136.176904 21.565286 -283.738272 450.220067 -71.793190 56.305981 -53.940901 407.703593 524.521290 514.750392 -199.022027 130.570389 310.997980 -251.574534 5.192181 -219.228590 -109.776695 -310.616726 400.520663 -159.708600 -510.014792 -479.330826 444.160980 125.129574 26.167418 468.385790 -267.765491 748.057799 313.004292 375.736785 151.708152 183.149243 -251.072720 137.134499 -485.011041 444.663747 287.877661 -131.265103 -327.216856 406.449638 254.698721 -76.338454 -309.521779 177.101659 -270.171986 241.436413 -151.089635 669.178449 -419.299971 233.366432 -376.544729 80.763102 116.645097 226.879509 -462.710597 139.728098 -385.529869 -395.098220 106.341347 -116.906549 -203.730003 465.793458 166.634933 -75.878235 -355.807003 494.073807 190.253476 402.983259 1086.885390 626.681368 492.900885 340.210332 -212.030101 -189.182161 -11.203775 51.830623 579.898237 236.852423 -124.045994 -534.626691 -35.127276 145.321315 147.178588 -412.864853 -34.833455
-173.153265 -74.104761 497.909728 -59.926210 -156.358146 222.644436 -479.007206 312.441478 160.198341 -219.511721 544.056661 -130.945865 -230.472668 -74.648111 -11.193734 -117.769781 319.139827 -504.154419 -238.072954 631.259803 -122.091490 -162.264077 414.366440 495.378049 -507.130103 62.148264 261.962646 30.002403 -391.087973 -31.277770 277.265518 280.583166 -122.685905 594.926539 53.449133 -722.529551 72.129609 -107.885593 -431.716175 145.737334 445.904733 298.326240 -127.811096 -33.147243 -87.205865 -338.913981 147.282773 -452.432942 -93.078498 -134.583204 320.083525 145.122117 -480.872605 -602.526572 31.069941 -243.149436 38.165665 -154.592049 181.598153 -284.210171 -188.230914 -556.661162 497.395124 -434.520844 -176.058881 -232.254589 910.366353 -528.152554 -644.474109 -338.597618 290.799375 -488.578475 879.933960 -378.234490 -240.060373 382.057038 -271.213031 -446.691287 -133.506351 54.849826 -403.318746 -545.896731 115.618581 -450.266074 51.384205 267.088972 319.801332 413.787908 290.661642 -173.268435 -445.934672 663.677151 -63.098245 -18.355575 -128.407012 605.944153 -132.680028 222.296194 -371.326443 -178.480430
-314.996286 275.881243 -336.674940 241.731905 -107.965726 -66.682715 7.779455 106.343049 -382.366214 32.833530 63.027826 -353.686912 680.584163 -107.291394 131.860130 -74.257858 -215.148786 329.041297 109.127985 9.916398 -18.721332 355.888493 -155.538611 -580.474461 109.402429 362.923623 307.716055 -175.473522 -368.553101 408.047701 -142.782447 208.415354 129.677209 280.351648 139.624194 452.175164 -237.257052 -156.944576 -278.028785 217.882868 -291.406449 190.355497 373.872485 -128.123920 -227.925181 -391.784982 -127.601883 615.388414 12.384250 284.148655 138.167459 -67.820647 -327.364569 245.902026 293.660386 -523.745124 -512.399028 58.287836 -223.165944 112.773712 -72.288923 -405.969944 45.301654 303.203642 215.871715 511.055657 -294.748179 -278.099119 120.671729 -264.163052 -99.655866 -490.384979 -237.180695 433.396767 274.182417 8.209430 -174.110801 97.153498 88.254304 -171.132204 -115.153649 253.757996 -61.050205 509.531128 698.334169 -848.525501 -11.182173 565.929925 638.693075 179.274083 549.398078 -313.507187 84.099308 228.152786 -53.940469 213.881770 288.979035 -112.601589 34.273501 317.649329
4.136014 -312.471187 -382.268532 -341.212667 443.472991 354.170910 926.028254 185.330151 -47.824863 -136.509376 -12.401140 -732.838063 31.314409 147.700967 -545.151470 -755.783281 274.815056 555.703507 -227.612876 366.695067 -733.807102 105.943128 44.783633 617.995825 154.042609 -511.498307 88.351698 -778.380797 84.696143 -191.734052 -143.873033 50.615613 48.542935 -115.863359 -169.056399 -357.465001 -240.326703 -573.085538 113.474710 -172.417621 16.767326 253.525680 117.480208 -15.002506 451.586013 632.921781 -264.866514 -209.253342 180.342212 437.731585 353.689192 7.003066 26.504362 -1264.863203 293.669783 52.514705 113.605872 -24.445614 -54.211600 157.613043 11.134946 124.626685 -12.175787 412.483623 -72.225217 -117.164477 135.584387 -445.208816 211.629448 699.461883 466.683876 -537.382551 -70.371733 -469.879852 -26.741137 106.899928 54.341120 101.082233 182.468861 -313.740921 -72.692176 -63.397912 361.668707 -209.629762 -217.099181 328.301258 26.511671 -244.547652 224.709338 -461.351086 250.258243 -338.432527 231.548508 -451.230183 -174.231650 328.904485 -407.726254 280.807348 -252.037946 436.848384
362.347262 -56.553017 -95.626410 365.351842 100.699220 271.792123 66.717015 -393.677807 -449.947830 -39.509845 -52.756121 20.412210 -234.797698 -152.349041 -40.920030 -308.385222 -143.759198 575.095695 -269.436450 -99.408812 -214.554233 -157.313777 -2.549297 -473.571951 86.590241 312.987379 -427.128924 248.595729 173.561189 -8.636617 -435.114259 -306.476435 -556.947381 29.155752 -74.780766 447.102762 375.573675 97.576223 151.591491 -205.177048 -270.951904 -318.175052 -354.980026 -286.942818 0.406473 -71.869799 281.832876 89.845355 -535.732170 -256.326327 -20.672417 -305.075223 -83.683476 218.372680 -525.130324 -8.147331 259.726257 15.275655 -186.885781 -257.890438 23.549783 -148.895868 6.336432 293.869730 -112.111437 -150.482714 137.101598 -20.436709 375.659648 -506.253488 -169.341309 5.815067 -107.070829 13.329386 178.571686 -528.116292 97.032210 101.522999 93.071087 21.593627 322.910872 4.748090 -4.707980 83.371675 -185.475912 -166.202062 -487.276038 -399.867069 -197.724139 -38.001202 -355.229558 164.392879 184.787168 380.903839 -197.650551 -141.778837 -167.407440 323.933094 253.405969 -127.131381
114.950279 1.111666 370.627933 -131.529531 -225.740121 -108.798215 -169.645898 -379.655473 -537.217703 -223.064221 -256.907881 -255.829132 -533.331831 -406.895167 -222.594357 -139.681507 544.011612 42.757719 148.383401 263.333922 -848.990362 -169.408083 369.135213 -237.148852 -565.974587 -244.299182 151.048981 510.621879 106.146360 -228.265223 -184.418214 -423.024636 -301.314839 -60.330907 -696.998090 -370.727109 85.125392 -68.379258 -534.568042 394.839402 126.776531 38.793507 301.833089 192.771615 39.653301 -125.148943 -25.068484 407.894192 341.262047 -42.142706 525.014666 -42.863648 -64.594182 -66.438138 -392.215323 640.649455 738.818874 -531.666882 -313.330326 -67.741921 350.794005 432.332795 57.130689 466.521425 -58.188342 -53.629266 210.396690 -231.503094 -138.308897 95.563142 197.328669 -438.703745 -94.686575 -481.316668 79.257085 -684.699965 68.264578 331.834602 521.038805 -268.135418 -262.339439 143.677470 77.854012 202.666518 297.010978 396.952219 -439.438718 -278.367629 66.182884 171.024181 -196.551655 81.650088 -55.483323 -168.057769 -353.754227 -142.502959 -252.252483 299.101545 -46.751280 -111.869583
180.046620 -280.881915 -92.783050 -149.667752 -229.127006 62.505217 -132.336361 -276.449503 -159.517570 269.608872 230.089229 621.325625 -198.200777 144.746705 -19.890791 55.129710 -7.688072 232.282526 -476.511029 256.583837 94.091865 -203.780201 192.391914 31.738939 -267.556372 -259.596645 718.008255 559.733277 -267.130789 -430.894019 -149.408246 271.796664 391.516069 -27.724199 577.831437 376.567670 97.186935 -42.886261 -1.193115 419.172923 -128.291737 -319.955045 -309.101643 95.657458 219.604236 -306.435243 427.956308 31.609388 316.354222 -489.264848 328.520357 90.708189 -329.118913 533.547626 -350.717063 -102.958511 140.645215 622.738205 -47.601450 -405.306752 291.826291 -206.232545 -336.053037 61.797779 -85.495036 -364.536678 -68.423526 -4.400349 -306.708367 -495.636747 6.550504 -19.677007 18.300535 149.935441 -373.658700 -309.624735 296.553403 -41.159918 169.560656 334.723243 -59.062367 146.670922 -123.382534 218.312368 -247.696956 -96.847324 456.647859 -282.812680 838.475259 72.803835 653.463778 294.981386 -129.092767 279.821917 -138.762532 -254.565201 -474.633924 397.552399 157.984710 -62.921429
306.849695 -237.984660 510.971747 24.293362 -212.920766 -47.052887 265.373520 -537.755971 -389.143389 405.274737 138.038052 -761.535012 -193.127877 183.729707 108.884170 -188.634999 -63.552057 257.290768 263.437198 812.789108 103.524092 37.816737 -158.130377 80.777269 -337.769276 -580.356875 -342.093226 426.313088 -211.179029 168.171296 544.927689 619.466253 577.355199 -217.357122 127.091363 -288.817581 221.638843 -411.590224 31.980191 623.382778 132.239005 113.486846 -202.120274 512.686092 -549.682680 635.911932 97.506077 70.344390 164.401748 100.912279 -24.620209 -193.424031 4.894637 -162.779994 -277.717651 540.951849 -523.060190 54.287683 141.918504 -258.465903 -133.405568 101.161309 -14.720833 -119.500381 -415.655839 149.545613 -466.583989 642.212354 44.376706 339.507973 -172.430336 -748.044106 813.097539 237.901480 -211.225392 408.364502 -195.916122 -811.799350 439.875168 -496.826812 -434.345201 294.410835 386.796068 -476.725619 200.087251 333.016315 439.504896 111.619633 -19.945637 -75.744417 190.064291 48.437718 47.859279 -160.772108 -486.231061 506.060090 -252.953134 -511.936934 -254.255229 -201.739093
-328.523948 151.863884 -98.300282 -13.944034 75.005910 -85.615037 -749.660876 -471.998707 -329.110696 -142.669410 -51.952162 93.788648 -256.111891 -517.730639 192.688517 -313.627013 -157.295892 -194.391833 226.732834 364.811932 -612.598556 305.225766 112.093387 -348.250974 -266.442705 -560.843741 -59.127704 -243.867074 -160.477214 432.089588 -23.174874 159.597990 -119.909380 19.099447 -172.296563 -728.208853 318.314401 77.569047 -441.084240 -407.957439 427.978224 66.287937 114.515295 -205.299663 297.050539 -612.908035 -93.384039 227.485469 742.116738 433.200180 126.015516 196.203553 333.358815 -91.794466 134.224094 -536.090244 -26.180606 -103.756800 138.690913 -134.892177 130.032797 -231.676409 -525.457235 265.911201 -57.529032 639.819795 601.304375 -107.031572 -117.509138 -52.999274 319.376060 398.214324 611.458916 -142.642590 -537.235939 -727.025192 -203.888361 95.147687 -471.712548 176.823171 27.033469 184.592440 -132.799634 -816.543439 -595.577324 238.755463 -383.464409 -157.585692 95.250582 94.725559 -67.563849 -145.556853 832.954665 -57.143680 267.006141 -111.570641 198.259807 -94.063161 -130.399882 265.684358
-243.695102 -671.105784 259.099209 -228.397781 -377.752241 -499.480845 -94.756516 -277.113153 226.677293 -118.639533 -46.007292 -241.986903 -274.955068 -68.167071 -358.899565 315.330062 -97.004992 -431.862282 -170.655585 246.674665 42.388879 397.588461 -566.221060 156.646544 201.518675 -56.162236 -431.412630 -325.676554 128.055746 195.254508 -40.202585 -243.738970 184.309090 -414.301963 -22.310012 180.642871 -96.787535 71.944033 452.238904 -207.074909 716.655785 79.350452 63.019249 301.289672 243.238159 -353.977645 -825.161917 178.764799 15.976391 105.080280 -186.961481 -233.208903 -46.657147 -121.175280 296.764612 308.634840 197.116828 323.040808 -91.889118 329.106345 -485.923732 222.758147 -182.554278 -95.973934 -132.639772 -182.525409 451.699190 239.377715 -95.333138 863.605914 100.906555 -67.554720 -153.274898 -42.821115 159.609886 338.594442 -29.768859 -283.809760 218.728628 131.248232 -271.329213 -152.340862 -102.383686 -308.184173 -280.659789 84.048846 -179.841349 199.120887 -119.313776 71.313285 -428.287484 -209.507938 -77.850714 9.886926 14.126274 -120.114441 327.039866 -485.152387 -83.852926 53.163959
-118.850687 -251.238482 108.336667 65.769338 -218.071913 899.867738 -365.299748 -318.379849 -89.781408 -422.033747 71.918296 -139.635609 172.470859 580.853858 575.884741 -108.010530 -1.699755 -431.502899 137.741132 199.096623 -289.854970 -84.497727 698.457480 403.683818 -296.229818 -135.815030 -70.890666 433.535263 28.285210 402.904320 -581.514416 77.104099 36.032500 -208.483488 -184.505322 -163.824173 -118.754402 -104.081618 494.818403 -342.767585 -187.155360 394.082345 -209.919250 -168.997312 601.727079 53.112313 18.254690 533.005734 449.224767 -214.557050 -34.641392 286.674557 -96.252339 -212.421750 36.677007 -18.450199 247.900083 451.479585 657.179670 108.265448 480.077663 373.345834 211.277613 -27.527025 -121.160858 -319.468394 551.191681 -90.493911 -18.901612 -100.280899 161.300261 11.992500 150.081929 315.956395 -211.041349 112.338452 477.170666 614.052272 -157.411959 1.048750 -707.548673 6.887805 58.566329 304.505907 -375.527479 -0.893567 267.828247 -214.909864 667.239400 -56.430534 218.633362 -21.482003 99.497223 238.396129 -276.271791 634.128478 -26.746365 33.267983 240.437078 -9.674504
342.797490 -172.902402 -193.746405 78.106213 -727.530301 252.785294 215.313126 -776.659027 225.294583 -437.473461 546.444142 -92.203450 -15.127276 -161.510685 181.644573 93.433547 106.962304 -540.214282 279.497438 150.281472 -87.574870 147.543583 -235.943231 -196.582560 -148.063859 336.305720 -180.614230 -139.844230 674.179496 40.875491 152.320598 -399.760965 -119.521415 -457.235069 123.535184 112.604857 -204.872181 192.555734 -148.622431 160.764589 -87.648382 -242.241727 -49.592883 -60.355197 -41.227576 -454.811494 121.954724 -428.666742 -54.625020 -122.821415 -456.027477 124.819469 -148.891172 23.514605 -11.562648 322.085748 388.060478 -178.512269 -675.281646 555.693828 -221.797401 210.510904 -935.205455 230.634039 158.813928 -124.065506 -253.142188 27.466667 572.774378 170.933887 125.112386 453.637820 -140.956847 -176.312321 35.178682 86.628923 457.728636 -116.994778 -526.884085 16.238156 180.619203 216.956202 265.567492 -372.392858 150.328510 436.907817 -325.661392 -267.097182 -139.579143 324.402551 271.337414 -100.508470 36.862198 281.228382 -284.323566 -105.544598 103.482847 353.624071 -228.785904 25.273414
234.931277 -4.722908 -235.251125 -605.992443 -155.764020 123.423615 580.753614 -418.225530 34.208897 359.163864 -409.896642 354.341710 -437.058731 -38.799540 344.999217 -168.755408 66.885914 29.860360 -58.110307 -89.486205 -143.845819 159.112008 -189.417539 113.826882 523.055026 345.841848 117.133721 -101.922341 -280.873416 -251.274021 -53.141974 -183.826025 -269.721313 297.768671 377.494258 -9.212613 304.127813 17.957159 390.676664 158.751432 239.970012 -285.912808 240.672688 387.351440 125.374545 242.915251 -114.643424 169.829652 24.854885 286.411627 317.368016 111.528444 19.898956 82.716503 -271.794127 375.394070 -13.568468 162.678256 -419.711469 -546.460339 91.268635 253.659787 160.283106 -3.890747 121.817744 -20.194477 42.930021 22.358722 -38.027235 -46.278499 467.509858 181.225013 -319.483994 446.415990 -388.910467 -37.244210 186.573629 -325.759334 -215.258224 -314.284860 6.334260 -196.126549 -225.100093 233.244358 -543.759481 -475.835975 -435.158469 -351.016191 -32.325674 -630.349351 183.987396 -213.939535 -172.597328 -291.525935 -44.702311 -394.685092 256.170005 -5.570469 -31.660635 440.314430
40.501681 358.124699 -441.367209 -91.686767 141.765085 -125.543868 321.302258 703.788135 441.009259 -350.611654 -214.261784 -128.675227 -38.133405 355.606553 70.612737 -11.213595 107.127421 196.993737 -213.861179 443.621814 281.581805 -629.810540 326.046648 106.547238 -2.964244 -211.476287 -185.745583 -353.644025 64.269287 -231.603437 -182.423272 601.211364 366.811227 469.749242 -157.460875 289.409463 -68.953878 507.831956 360.992529 -239.625711 -264.162058 -125.062772 -72.660093 273.374909 120.370455 -307.848872 -137.684190 88.835616 -337.410625 38.139381 -209.501040 -352.816833 -44.008605 222.663838 394.737191 -70.894540 -62.462996 -252.362583 -160.358505 184.084446 -520.159058 -142.089566 313.555371 -188.829630 232.997061 -681.783965 -374.331026 21.596143 120.134980 196.939147 160.426893 131.382391 13.681987 -348.754979 97.311893 77.583102 -282.164516 -265.653877 154.559451 72.739789 -15.023369 -186.284269 380.856831 621.640573 316.110856 316.904928 -64.773304 513.102715 -561.886743 303.206138 348.711158 -42.543171 286.240303 -163.353004 -231.210110 -640.711289 73.464253 572.097538 122.810058 75.372501
-384.076304 131.465782 -99.425650 -48.627278 -691.434067 -55.672490 865.553909 184.069641 89.342380 -661.391845 135.128397 186.363069 -29.580985 74.785231 -31.704164 16.317086 -328.610072 -509.229185 -238.713638 -392.928013 -445.175383 182.963958 -1.244101 227.132534 -407.358324 -43.175646 4.714653 165.230807 50.158610 183.538036 -333.285132 -196.688852 97.389610 221.735150 106.245774 -339.109998 -133.701751 84.080911 227.222925 105.712264 57.086820 15.260303 -445.734182 -248.740102 168.092527 -180.485888 -567.788250 -372.815356 70.867144 260.392949 25.771265 -307.166471 27.829839 818.171073 184.849991 -3.843379 -6.888350 4.578531 149.306402 -471.308980 -347.617651 135.642322 -216.473159 -546.340530 248.310036 68.317030 -90.711812 -336.207820 -438.469795 237.466963 -205.657464 124.437964 -275.011347 370.171612 -293.607743 -133.586941 -541.315707 -104.680660 147.928741 -370.743156 -82.436009 -494.057321 521.490507 -612.746191 114.480244 254.190658 -166.610914 397.258401 -99.332728 -375.619749 -371.807960 -283.769834 260.483995 -152.542502 185.140882 -314.426005 -67.914702 180.568447 -78.719308 -391.306758
-55.967088 -20.943820 78.107943 -52.233021 32.112834 -269.650477 215.580060 207.837251 499.960291 96.958574 -192.012197 562.495462 -475.282953 -83.584522 -584.246262 -134.515909 308.607469 -446.885256 -233.199821 -516.284147 -75.900120 -206.523322 -256.113955 302.157176 254.527490 -64.788181 607.800579 393.843016 329.467030 -235.861848 217.522265 226.012848 193.109535 20.891339 284.861270 648.665635 382.026398 9.454075 61.730408 248.065611 -301.688805 220.090369 560.707895 -187.790334 -143.545434 318.710061 -501.418012 -6.937298 -212.255252 71.170556 -100.161525 153.085189 956.873412 551.178732 -287.690905 107.914843 394.475733 354.701952 -237.366779 54.879658 -287.391288 62.543677 60.801899 312.256765 -142.087564 -361.839703 -755.975073 19.122847 258.780902 447.979481 10.586253 559.632803 -1030.697122 18.142953 321.108322 -268.426934 -192.405317 184.175275 94.483843 102.761399 152.108151 84.347035 200.147537 132.958969 -400.188763 -15.203017 280.148460 -317.341069 -181.559381 404.953794 -103.059446 451.112540 608.538211 -423.244159 297.393579 -148.085067 -236.404032 -198.926867 561.709235 49.113169
-208.559627 -73.464029 -386.648304 -363.046866 -255.616251 -158.305497 113.221627 188.244160 273.931212 -304.785036 45.092450 40.322790 492.247028 135.765936 -241.074351 -2.268057 -518.563885 -486.392416 -12.754683 25.502123 49.091640 130.474601 726.186041 -104.669843 150.118822 158.747920 120.648061 460.860295 145.689327 -42.488825 -591.488328 99.476082 -71.220777 653.506983 163.302007 375.041247 -126.238909 -197.761718 133.553663 671.808573 -38.469962 -486.668743 98.450158 -21.748074 -277.011764 291.312228 -105.279049 -23.779364 -66.001827 -169.895251 4.308829 65.438597 193.505365 380.528772 878.389014 -31.233389 -23.720407 98.061498 -177.999516 91.008821 8.582904 68.470496 29.752053 579.430097 288.124427 -748.528822 -8.635792 -101.455012 -385.528745 374.621394 371.308402 59.201211 -458.827940 -483.157738 -126.251599 113.722974 505.611731 554.026756 515.197749 -85.106390 150.097249 163.437439 363.408081 185.047994 -574.862082 -275.223914 -538.665321 -201.145879 -506.217029 98.924914 -284.843931 117.812900 -527.955425 285.417917 -316.497664 -383.588162 -334.740032 357.075691 173.794946 32.578960
225.698381 -255.622375 -149.201631 369.408723 -12.123623 -36.044437 -211.339424 242.022917 -371.591766 -53.388840 100.683103 -104.319235 -9.083325 -396.793008 153.081616 -262.398234 -46.491768 15.657237 537.564938 27.525603 130.732776 -737.516183 -235.604437 -583.776314 -851.587759 -231.555661 230.015208 669.774409 -443.128056 566.117846 -81.634874 275.242229 131.766156 84.483315 -347.134498 -189.068169 -313.405818 414.383067 315.468325 174.584386 190.500112 -170.172711 -79.987084 -114.144941 239.156193 -37.374048 265.305130 163.373897 119.484670 -15.639148 -19.645803 -287.226437 77.099360 -111.739923 -120.440297 -65.044333 508.660079 106.412376 -563.897757 -167.130915 -109.444580 -315.406149 156.009101 -121.730640 -454.671419 741.149910 576.619378 -418.271889 124.590753 -233.400411 -227.289767 -62.064188 55.093032 250.625309 -99.068331 -136.749901 205.699395 10.429965 45.596709 -207.395635 417.232035 39.118751 261.358353 -186.016500 6.428207 134.083981 716.121141 -1.521047 421.913979 -30.874501 283.054582 465.711763 400.569528 -159.265961 -262.781853 597.069132 -655.030736 123.868604 -214.140128 -40.232091
318.724673 440.080713 610.880733 -579.097989 -9.911408 460.936432 -70.984549 -79.249093 -9.134518 -108.889044 -542.863976 -176.147462 -363.766801 -118.583608 66.577437 -95.561425 213.657633 55.632577 -336.400866 286.581411 301.279511 -173.804203 134.252231 537.773617 -7.085355 -186.789324 383.202299 83.168734 -258.136779 -244.339661 542.372635 25.533109 -480.711816 365.892241 61.852503 -101.031649 -62.996064 -17.706375 -440.969643 -25.369763 166.111523 626.383593 204.622824 132.702029 1.345064 643.585499 96.258309 474.616763 -108.739534 -446.597500 394.433261 488.739682 367.867592 68.413412 -391.072063 725.671098 52.624545 -45.823671 210.003052 269.031615 199.524188 -463.617624 310.581416 -318.559900 -60.741582 217.309057 101.097736 701.766403 216.644997 -181.106163 308.601566 -1.610338 -95.755032 -162.336317 88.363415 -23.488512 15.333128 971.189550 907.655159 72.000999 96.546692 -15.304821 -249.844852 -337.584565 142.184245 261.793177 -377.593210 -578.100026 164.835216 -307.330023 42.897032 164.579121 275.273955 -119.777599 -46.968658 485.248816 -234.010206 151.245376 -209.593794 137.013961
17.815606 1034.821538 -342.624192 171.334537 424.469720 -206.007126 -410.201898 40.786172 914.496360 347.897749 -868.851310 -12.119186 -606.014103 571.688533 -346.841730 -586.020641 880.832821 472.201221 446.200352 46.102503 121.309561 -233.010839 -407.191430 65.763827 138.536303 433.937013 176.386892 -114.593311 -36.783755 278.624817 25.240218 399.162674 -47.033882 -138.075040 -226.814320 482.505475 13.695007 195.144898 4.855591 -426.683449 -257.635985 -250.543893 130.406525 -311.755494 -83.762841 -226.052601 -634.972233 -113.570556 81.205679 -51.576307 -176.054323 -102.034323 362.083077 338.128756 -370.264051 -130.081618 112.430654 -463.101084 -341.772648 14.284978 313.660026 181.855205 184.373100 331.197157 -305.423906 -465.850835 912.650652 -34.979550 25.146649 -66.176729 176.222110 209.926243 182.838298 -172.315699 -130.478448 -260.441008 511.340532 167.520943 -197.251695 -344.128177 187.638639 -482.001261 -639.229807 445.115656 -401.550833 174.322559 -175.043216 534.234289 -349.528981 -49.701695 5.842871 -62.544961 707.968653 -583.273304 214.370972 299.245283 59.115040 -25.661971 -63.283617 -222.531001
324.151488 -367.038502 -139.476017 -79.219961 434.113889 -2.649950 -418.933858 -288.136360 360.385720 345.709936 212.430166 219.642625 219.300876 -136.183765 -586.380390 13.094736 -639.050558 278.620722 -4.177709 -362.154770 -76.992654 394.281619 -243.574609 53.142818 268.539559 -636.434708 -96.051407 437.318084 190.396122 340.075898 -382.129987 98.210174 -163.280219 -47.586834 137.596954 -293.558339 479.729935 -169.799201 345.763709 -410.814945 67.451343 231.302130 -263.429370 551.385054 22.902095 -198.727479 318.378304 408.626417 64.840130 94.788702 68.444330 -142.849203 561.518981 120.084155 -90.145221 22.918573 -33.555091 338.766994 -245.485355 347.184547 -519.684208 -2.715627 -257.074125 104.029012 143.468091 74.936993 230.426834 215.663256 -126.606466 -698.343255 482.000666 287.805774 -683.960117 -289.671621 443.463183 -192.161835 60.358748 -96.376337 -398.891358 203.676825 131.047126 372.372323 -139.036614 49.706014 254.714481 153.256664 -482.546989 290.213663 -275.247476 41.259411 233.807365 418.981150 -394.365048 441.616697 452.234568 -690.544620 224.481944 12.623938 490.064476 177.861228
186.040609 -91.433812 207.330197 -324.606075 -331.374686 30.811427 386.688265 8.044587 65.730122 -231.947140 265.829158 407.283952 -397.276008 -130.284867 -33.425070 -46.206736 76.290453 -544.851104 98.026696 -150.043141 -78.699370 80.685374 212.004737 278.875440 391.385200 -239.067068 -15.050691 61.964500 -198.215849 -158.668949 -182.945065 310.131362 61.393350 -241.885463 448.297607 -153.377864 15.505964 -330.948033 -659.012314 -123.148386 271.308027 -719.393946 416.859175 -183.080915 -243.546631 142.880053 -443.567765 -371.629598 -221.330754 -412.578223 77.534622 -382.526973 44.737591 465.013932 155.959525 40.359264 163.150157 175.166056 -212.094826 23.738336 -190.391218 382.941549 -259.032241 -140.994391 386.342837 -192.614386 162.385841 -30.596639 -601.911533 48.603340 51.453813 -53.984604 -443.710613 154.637758 -124.239903 564.211278 272.645126 358.935576 186.678515 -475.307675 270.844452 -309.786644 8.454237 -164.660137 39.499984 83.306852 -656.147795 194.172028 -926.786603 -167.787738 -790.996371 -135.940548 40.502395 -83.642321 192.817888 -391.351305 -130.306692 130.581514 -386.478605 -504.134223
-167.158321 -267.084661 -684.702322 163.115091 -595.687518 180.741936 -53.791975 124.545385 357.735346 -376.389278 256.751551 512.517376 -161.184169 435.344642 245.041822 -702.359546 -169.112585 122.891122 167.363038 72.253830 -408.973006 -60.383661 186.922575 389.401849 -286.254143 -235.929273 45.924433 -40.453623 107.683614 -182.614588 391.378588 -314.481019 93.290485 798.129452 -480.110498 -460.924466 -277.631518 -166.821301 270.245149 833.099406 290.955209 58.175106 71.292722 -40.827204 -262.851106 703.559711 7.026531 -353.052952 -639.955509 -42.225308 -293.440392 -65.067056 164.905303 94.247801 479.651499 279.193057 -222.575605 -221.108463 565.588103 345.708573 -60.044251 -337.172340 576.171357 184.702014 36.806649 -203.745246 -144.024214 -352.266012 -796.669118 -231.549962 -515.486546 543.540529 -110.304000 -304.567333 267.260987 -50.776173 136.197888 120.277064 -375.719310 -510.585064 -304.221841 -245.942140 469.586783 -103.885728 -163.732718 -654.799144 341.083374 -55.310168 -229.191000 -659.757638 -510.583893 543.719430 139.921364 129.018560 -804.359494 102.149611 374.723717 266.289082 -233.318721 -364.960577
-181.769352 -227.234030 -824.742836 117.527071 -176.934592 -533.055692 104.589917 384.374696 -6.447662 -225.277920 -146.187398 -102.232216 389.101881 -729.974130 -330.369720 -104.542596 -311.484494 -562.556194 9.354707 -330.272396 -447.169974 264.166209 48.509972 230.349822 428.801021 370.370908 573.734893 -497.539727 -102.825615 -1010.749922 323.417098 -451.417476 -232.132221 -191.872900 482.362251 20.801055 -63.950245 -684.167373 -74.731077 267.312875 534.915232 -788.191665 -285.232492 -524.917854 -99.769403 256.903092 264.775353 -0.199277 -506.950518 -166.442778 575.559021 -69.074529 -423.448917 -413.110135 604.367707 -215.091738 -515.394565 41.567071 -219.570026 175.472175 152.125273 -283.551513 -385.097929 121.520734 651.998091 68.892847 167.246632 389.043275 304.417418 414.650624 626.845570 -292.273913 423.234710 -40.055441 -127.104542 -247.326953 197.456736 192.054837 167.162147 451.910033 525.670859 -149.428220 433.590164 -30.829930 152.502899 -53.236554 -49.230080 -385.084689 -113.203953 530.657110 186.170000 -334.240821 328.378143 203.600907 -428.867372 -546.793088 -25.251525 173.082708 -466.017717 400.841980
53.844650 -4.291067 723.241371 114.697276 700.583667 93.875888 -901.857532 607.932473 25.072736 26.728785 -318.468591 28.333503 -27.158740 -79.846967 353.865822 -201.098951 -669.645966 -305.544628 54.121182 -89.032447 334.292741 -791.948789 -174.852945 -135.312119 -149.629757 -324.929544 744.603695 287.073587 -817.926749 231.117867 79.666732 644.223909 -135.449105 68.898492 671.015536 522.234339 -167.648327 554.931054 462.109391 324.332796 405.804295 43.483722 227.634696 -214.331893 -23.020651 559.199838 -585.995234 -443.273319 -3.255431 -217.702817 -67.093725 -172.777912 290.772030 231.825169 -175.960161 9.431072 35.724689 -33.766774 -298.804531 373.458307 28.054763 101.487993 -346.259641 -536.611842 -64.383180 285.428140 113.362449 306.457312 315.367896 -249.058554 -255.530878 -458.905868 -217.181920 189.985249 -198.845329 188.300765 401.298106 -18.653217 271.958748 341.030346 -37.985740 145.728067 343.306677 201.432505 -495.662841 312.357314 -20.040475 165.602435 -511.148821 577.637206 110.772652 -71.048001 233.083007 396.318561 -330.660353 224.707551 690.732509 141.316048 -245.788519 -248.549814
-25.036949 266.721720 443.427533 -496.337893 -279.789784 97.771297 25.652986 -91.132241 34.543700 208.750437 -679.235236 -440.102099 263.572156 -224.562493 507.649186 -274.119882 -240.946717 12.674847 -149.338675 -178.939201 314.287572 445.714672 468.755264 -237.890734 118.137615 724.723358 -149.405475 49.314111 -70.917593 -167.726646 37.195605 70.451393 -678.376583 -146.218436 622.887447 -309.580287 -86.348777 565.823753 -150.876400 94.728163 92.559853 561.551836 385.474505 -401.309461 -180.756779 289.925643 -347.265620 11.869460 -155.982936 -92.533079 66.616604 345.927974 -376.113450 -217.702558 358.750767 -65.973874 -396.113312 100.166434 745.694929 247.496106 403.457571 16.081740 842.615978 532.645705 -232.755995 411.137006 -518.793028 217.693523 -97.048935 -48.569933 -779.164162 -255.678446 -75.451555 -386.518197 536.148932 410.294502 -238.585719 268.266884 836.759048 502.805682 -143.153578 312.524889 -37.290770 713.859886 264.220135 -170.242877 -180.723602 -519.914173 -525.264934 -418.149782 -293.383999 -336.069667 500.073424 -4.710972 161.010518 -327.350438 365.547798 -88.855884 -169.023131 -473.297775
-344.629658 157.545521 -837.586868 -480.557496 132.357764 -540.967778 -71.357069 186.039166 196.736612 194.163966 -652.830322 -150.430748 318.136821 -423.679242 37.061879 -1.284586 -239.500077 -267.101776 625.443365 -191.072903 -8.088161 360.411478 98.450569 -353.179888 536.629802 65.455977 375.140159 197.894646 -691.894879 228.105908 15.151685 -573.321264 202.126252 -87.144988 -332.104142 -134.966583 206.680864 -463.051721 607.983649 396.283069 578.198840 -224.984007 -320.518912 192.631576 254.465125 275.869453 -781.802221 -391.326436 198.448963 395.423037 236.535583 -157.896677 326.390285 -142.039727 -486.519031 -182.627788 -384.688682 117.554938 -688.581327 -495.350317 -382.331743 100.299901 260.565727 336.212387 -31.473594 400.113004 354.873699 -1.060889 212.516979 106.936500 380.311938 251.725773 -151.947394 294.516074 -335.830390 -275.520158 58.157090 109.062932 -238.414672 126.246185 -58.646970 372.699863 246.283581 200.847929 -604.273680 505.978256 -132.444437 251.976013 371.042829 -581.573736 -562.872391 23.759452 111.535656 -455.087192 -264.580784 96.516739 238.444335 30.770814 -552.653046 577.188688
720.754936 -98.383481 269.541418 320.123285 369.173108 356.707708 264.761360 -483.607324 -82.320275 -216.505198 -238.887192 50.731114 -462.717250 579.506874 354.993945 -331.699548 -298.405684 352.298477 59.919016 -41.961074 137.173266 120.273696 -370.745835 408.374036 -853.943214 337.918028 -596.322242 -3.737153 57.658954 63.270621 158.298025 139.235467 206.083245 -43.732959 -142.353198 -208.724136 135.995379 -177.582161 30.979570 -203.326747 -254.085293 -562.236064 -96.296810 168.502443 -15.678129 -50.289348 919.370633 -389.683568 -218.156730 -120.405915 -637.316183 -60.654312 39.596366 -252.989134 -949.954075 429.062595 473.124938 -345.434337 186.736410 -289.172263 -339.148648 355.672797 -537.306530 -141.068355 -631.231014 -230.333963 321.458525 -166.943041 46.636853 -344.584105 196.430211 -117.470074 310.850982 221.603156 -353.410360 618.250168 -0.632949 -470.958879 123.999604 -184.449498 -206.041977 -144.592944 28.969984 -514.665594 129.852014 350.453189 111.731290 -88.269513 -382.700130 -833.529333 14.069768 287.786116 -694.422202 227.526623 -694.451137 272.450831 -49.461568 -222.397585 -553.026851 21.815748
-211.374000 -58.521319 -140.416236 -207.804120 411.306631 -608.693486 -276.745426 757.465765 360.141442 19.705016 -585.897682 -485.687371 127.537025 -256.546241 431.664685 -177.995359 -449.838825 298.879640 185.842933 -105.875979 -107.681000 292.105803 -329.102922 -206.133863 9.229581 -760.414084 -459.712175 -71.294755 -770.055334 -528.244536 -236.952368 177.853358 206.513757 -84.011369 -457.182091 -400.542910 -244.934622 431.814119 236.042907 -469.176806 815.962119 -483.162774 -370.843049 -157.996075 679.151603 256.691817 -544.884589 166.402635 563.887559 -142.165787 177.803944 -351.807708 151.356599 -140.092449 -322.788673 102.195299 -371.358770 -936.396428 -228.685699 397.964733 366.110631 547.377827 126.723249 19.480629 -167.778447 477.239744 363.241803 743.945895 90.519755 315.349533 150.270439 -138.670738 467.722840 -108.886868 262.508175 -508.043848 -147.527360 30.989186 -523.140086 114.727446 114.529885 94.539815 249.341385 -167.641516 66.341946 782.619941 213.021873 365.231705 -255.560793 -45.209531 -98.767578 111.901881 30.135419 204.081304 -373.289698 -527.226137 418.391732 403.038987 -593.748895 355.149851
-146.702700 739.792888 -233.777218 328.162117 233.991489 -46.835741 -96.751267 65.825332 246.370320 723.373747 -353.427234 266.865851 -233.398296 -108.064943 116.245608 -398.747761 -220.024323 483.203905 -80.734268 -0.125533 493.858616 244.598636 -78.999170 -70.017473 8.125343 371.057787 102.995887 91.556616 -32.727257 -309.090499 225.168371 -328.979592 -14.065993 20.481447 69.932785 -56.781689 280.884115 -304.989470 -253.675096 630.807737 -277.654978 -58.116696 -427.477353 352.831838 -567.430425 197.020428 -220.904856 -553.562261 -4.180130 -114.403017 7.547457 9.116047 -180.608484 128.174865 42.148943 -278.837665 -98.879135 -318.266237 86.325499 -284.328529 -6.527231 -44.043116 -106.630285 243.409655 339.126769 -100.654519 -328.418788 789.597244 -75.897787 225.603865 2.377187 -190.551305 39.473153 -21.584209 -101.742144 532.587855 -360.196941 17.729484 95.756119 155.931809 268.916152 115.677581 -421.614919 -26.873742 78.722893 117.117934 -86.016324 -371.250311 -981.411392 -651.742594 -79.837240 -475.795421 -75.715209 86.259574 -291.637943 323.478621 306.980616 70.670334 -118.246689 -261.958271
-571.800461 -628.114145 170.494558 -104.556723 12.941695 6.059956 112.072001 -51.725405 461.757116 203.444344 -292.654941 -365.267172 108.871830 753.967520 -696.091441 -125.797430 278.230001 -22.924774 -83.504678 302.544138 209.999974 -404.970154 -199.323026 113.717014 11.356985 -445.112609 -14.016705 -522.511633 335.930753 -10.748016 71.054448 190.984195 403.916856 -562.134163 115.271399 -542.966889 -2.396736 101.521170 -439.990996 -152.805949 8.293760 347.044366 -165.325696 -277.449890 1.529638 215.672338 -181.212897 -236.167429 337.289484 359.122211 -60.441535 -361.482212 -150.528184 -244.089154 301.575206 327.841434 130.826089 -52.226363 218.324979 -252.121777 -281.283530 608.301862 21.945033 453.387290 -44.764666 -611.546924 -678.578991 -9.534417 -619.383674 148.733089 -661.473492 679.295122 207.052626 -353.099959 222.710841 78.416198 -414.551272 -298.813275 -290.222659 -99.610653 -11.463993 -99.709213 23.083212 -111.643867 317.019614 523.047056 621.070134 -395.010746 -445.458715 -630.670908 -440.706513 -153.414618 -82.911605 -428.240070 181.060487 -84.055787 -448.107421 207.196096 -255.369534 -138.811453
-237.096508 -417.457639 364.882200 255.221265 11.515550 -372.195720 -221.619684 -287.416097 -222.996944 -194.041899 -200.625312 329.156327 459.697188 191.340774 423.896555 86.216720 -576.999907 -350.829675 -478.410996 23.484699 304.223466 -96.632504 -360.884935 -120.418846 -17.070084 -70.373311 -331.494132 -361.681068 -312.916964 140.402114 346.364520 -275.957761 -329.416454 -86.408332 131.609261 115.578085 -318.974725 162.566097 153.450478 -228.353196 21.750905 -240.953840 -34.679420 -159.692484 187.793613 -544.632096 -47.078779 -135.768951 -289.327521 460.571098 -337.477088 -102.487049 135.145389 -100.281034 370.268328 -241.544210 -254.804149 -503.406815 3.462506 212.716583 -116.474651 -638.358709 -940.017421 -0.836868 386.604903 -93.108426 277.047851 -408.753741 263.432537 -264.386185 -12.090732 17.462937 94.186332 -121.361254 -323.838491 -947.548359 -325.500810 -304.023579 288.637081 -133.068497 86.165728 -157.986139 559.136647 -867.232523 652.254518 -14.341903 -419.222501 -182.428591 140.272507 8.912984 303.930370 100.566844 64.503797 538.837649 -203.019779 -151.423000 428.950115 -150.984149 -33.930279 -288.676609
-621.362943 -354.242546 -424.303083 214.978915 -212.455506 14.219395 -8.167120 518.809400 -676.159841 127.420962 445.296314 61.779450 270.934122 402.860148 409.330198 445.778184 -145.341597 157.279093 339.295293 518.756938 153.616174 100.863550 -188.862190 -424.695835 277.853878 -162.280464 -109.730512 -569.627309 -168.423031 41.000927 -263.848501 490.763647 -225.319162 -635.329905 -145.682468 372.245404 516.758345 -448.936012 -219.664378 179.631656 120.481513 -182.838228 157.951361 -33.593160 100.559253 -265.673475 -90.197260 47.986794 -563.083491 496.884564 53.719273 428.814281 -567.713718 333.425416 -471.012003 -705.852389 -447.718855 -165.940835 -405.883430 -60.350253 243.327393 -380.371642 87.531919 491.635975 176.985117 50.502984 117.830799 88.826243 -466.034954 -58.210388 62.482565 -216.802756 492.850360 81.424660 -124.073240 -554.035507 -259.420103 -703.633266 -482.761344 -184.238854 -240.359775 -7.303707 453.264480 52.524613 358.165944 -667.803109 15.726727 179.153155 348.651542 474.696261 26.484800 -69.071325 196.519047 46.045179 -207.506797 8.622286 140.530263 42.464214 230.952476 -402.210834
247.024017 188.229427 377.565573 -287.489796 58.160811 76.020604 -182.717349 -626.653954 567.768197 -63.351788 186.646537 27.981230 -633.460780 441.394780 211.821642 554.581160 -90.564649 -536.970874 507.132113 -328.593288 -494.043624 -310.112865 425.069104 -515.079711 4.469995 -32.285409 356.665274 720.210782 227.892616 -365.836606 494.623087 -86.926136 -98.892657 -280.145970 -28.668280 581.073902 468.859087 -1.063106 41.374726 93.625893 -296.506744 117.490894 60.797936 111.318520 417.010954 -184.642743 26.028875 -712.591793 -268.936889 -237.267540 64.144371 132.080818 -80.524180 679.241267 112.801550 83.725617 364.853655 290.656697 -307.217186 -197.537927 -71.046517 -158.292120 -34.741959 -199.677920 -132.405573 31.395521 553.164031 -508.446025 146.763274 -408.592693 505.081202 -246.626492 -529.331430 455.738793 -255.648623 85.554876 253.713609 135.127984 -337.684526 -301.866889 -242.507646 769.614443 507.450568 56.569485 -82.071701 -187.731749 251.105900 -5.796334 -35.879606 77.433848 320.917751 376.505854 -376.507121 596.208278 -435.891235 -2.689768 -283.092820 -207.778718 815.004087 200.273544
76.997492 -473.075915 -43.347815 450.384861 -173.689451 296.817125 140.558476 -53.139987 70.346021 346.420126 -126.831181 155.983334 156.273470 72.404387 -24.865864 -6.686518 -385.732566 108.665979 -315.144650 526.332676 301.533547 -109.772361 -237.611494 118.864230 52.009612 102.127523 -281.184942 -224.454590 -0.938915 -226.917034 480.794367 -341.796933 -133.461173 -383.756743 593.943908 -633.265074 184.856568 -224.637504 -657.047425 -54.823788 203.253836 652.807156 -526.976774 629.398503 -388.484772 -115.889293 66.863941 -72.712858 -258.770484 222.468016 -533.207026 403.744843 170.173523 -478.732951 120.184365 207.237473 -39.337053 -173.842787 579.437010 -404.410373 -460.738832 280.682910 -381.051836 75.841751 45.125282 -257.538991 -273.128300 86.012498 -635.894887 -219.422256 -30.939220 -163.701748 -20.957417 -358.995115 364.994013 740.309674 -577.033978 -193.846951 -196.740064 -37.638890 90.969373 102.576746 -30.443439 -498.094365 105.779150 -23.087012 -302.854359 -379.403889 -9.347972 -285.146205 24.403295 207.464947 -441.504099 -180.078274 91.637798 37.290537 -284.947733 7.615636 -52.555647 85.297497
-447.626153 -433.509544 -274.397012 -116.003193 -454.765030 -534.565521 -343.142782 -25.602715 -489.277114 -340.987461 -91.620507 -529.679909 -424.011579 -31.396219 -86.607553 -208.639662 234.130046 -96.019850 590.849974 30.696118 -351.239269 -528.867068 -117.458292 -247.409723 -289.955057 -206.823650 -267.823732 -143.212917 -19.644634 296.742324 197.871930 106.577576 44.650132 350.888315 -230.518110 -248.041608 -142.544110 -217.459730 1.714485 -176.230609 566.972171 64.402311 -160.842013 -39.634087 355.170637 64.059112 -584.981364 -83.799845 437.306168 403.844251 -235.213776 258.874450 752.408341 23.069797 39.041089 310.582601 -297.748397 -153.356387 -302.166769 -885.400573 -128.137447 401.571628 623.383645 52.012873 94.931953 213.074805 447.263412 -106.275985 141.811710 227.197625 135.158802 -357.063207 412.788768 458.432208 -206.395975 -123.879256 102.505872 -75.598882 8.109955 -640.579917 -228.933287 351.549988 202.100769 -562.027524 -607.849563 755.355941 -158.554921 425.800042 162.809245 -136.058825 -649.379846 154.325460 -173.218307 -429.550136 42.458876 290.975026 -564.940342 -41.808390 -330.940357 150.292141
-384.229362 -376.241433 59.791851 71.996953 174.436923 -268.436913 448.231812 -86.395210 -231.290778 -220.288278 68.819348 -238.121925 249.359505 -86.251610 725.590135 523.865800 -520.251215 76.789214 410.553994 667.506548 107.301292 -520.945746 -331.654280 -39.133171 163.225654 -205.109329 -308.742127 145.004819 -352.036503 -125.370383 252.592294 119.777946 -89.115415 115.954279 -401.359583 48.936685 18.549387 -97.361998 -610.621727 288.963111 358.648496 -146.416293 -542.701628 359.337694 33.204838 -88.462291 -33.184319 -149.788736 -99.526543 -120.931678 26.669213 203.961485 -230.887354 490.966640 -197.716463 525.818104 -511.633707 -100.750626 -392.312885 -338.144803 -299.093503 -368.471959 131.356161 -307.817307 127.461151 288.860963 670.808799 -594.779756 -592.631623 -53.127699 363.849948 -120.955461 -488.363250 25.872134 525.107942 309.065392 -147.486519 53.198665 -194.340668 -417.993015 -19.899325 282.570090 -297.463215 -410.640456 58.565436 62.296508 -365.242931 699.143965 385.450716 -182.817752 86.894970 108.678587 -400.775711 381.176865 765.564499 -43.915337 -235.497769 -139.160398 -35.240443 259.744629
-185.346214 -37.762815 -40.001175 252.196728 281.862900 -797.937480 -258.291658 547.761479 10.562971 186.982916 47.063160 -134.337585 81.933813 -33.280843 16.779793 52.297933 -152.050979 136.190221 -48.529934 24.558988 102.241236 117.637275 -559.078421 -281.581106 206.337734 -262.999425 -549.901770 -274.282452 -259.659646 -296.817723 -284.433209 625.906180 -344.714471 285.306289 188.514195 51.987120 433.349900 118.213832 313.696686 -41.739566 227.905896 -648.491038 428.423433 -113.753980 219.100354 524.996055 -499.238627 -125.494473 -540.700109 300.108106 89.711584 117.801603 545.025875 -264.779205 -168.190909 449.364615 -211.998236 -453.909001 327.086150 -47.187831 426.533565 75.165260 328.041699 74.941328 -319.421630 -272.620869 -387.289860 271.449744 -510.808288 257.149268 -262.943972 -331.237792 189.081160 -378.539137 518.885941 -22.626756 -97.793290 314.655887 -97.606892 -54.142320 -342.759260 -215.392846 -216.654027 255.161636 441.005061 -86.777378 472.582736 586.755651 374.983600 52.220449 64.940741 159.940206 -189.079295 -23.589678 -94.105608 216.700668 426.572181 -434.711721 -207.925569 -162.379742
104.022029 -369.179781 -196.157966 449.687732 -106.507247 -551.022954 389.251852 272.370439 210.679504 524.213809 -685.099279 14.825784 67.763931 -109.983538 -379.720296 -38.999998 -6.646013 -134.433339 243.591575 250.775790 -473.189678 -404.106450 -229.701808 -139.901311 131.968502 44.122722 -266.669082 -177.624637 -146.365087 -366.207900 76.876208 -159.462330 544.638895 -387.843526 181.034507 403.287894 -613.641333 -161.302630 169.495946 72.451190 99.941347 157.950207 76.056153 352.926141 230.318535 287.960824 -292.524244 249.897766 222.251593 -331.912522 -378.051737 -309.716856 42.869311 -159.649018 454.452706 106.243861 -136.550158 -184.269112 -8.643828 676.603638 -318.062926 64.669713 -557.717835 119.695546 -87.494174 229.296144 -91.446889 413.292741 29.523390 311.027731 -2.281262 54.597708 52.467287 -90.181461 460.550480 -551.653091 -189.271593 -213.060659 157.967429 944.195130 56.793893 323.083552 624.601954 -30.658215 -19.968312 -273.813484 -399.271960 -724.726170 144.646968 430.814071 416.425518 -376.561922 145.287342 -158.979404 15.041879 -1033.013950 223.152343 84.170439 742.037132 37.525085
-208.083414 358.327329 -163.889224 -525.179102 412.794841 798.636470 253.572206 490.013757 351.743634 -263.648307 135.230528 69.631461 -117.435732 -275.174500 88.103756 66.181894 345.027654 426.791389 -250.705441 656.027907 133.822236 -399.490017 -183.455229 705.266885 -397.695046 -470.096156 106.378750 211.270313 138.249640 -139.131703 -53.521046 127.731410 508.852313 302.106675 341.739294 233.818020 -464.601703 -153.234962 68.160141 48.648411 524.044899 193.468907 -656.088766 691.224653 -391.107318 199.230883 -23.853845 -336.798800 89.560508 -414.633879 234.475034 -574.054620 -1108.818014 -486.371706 -121.278145 324.679176 -37.754816 29.052780 -389.293361 108.992918 -345.912448 -286.869171 322.723214 -980.347708 47.930098 327.524736 291.466124 -457.573035 -166.333052 -758.500357 293.538157 -219.564299 317.828745 -592.254025 473.471247 624.700943 -445.757029 -369.565360 -26.905881 93.452852 -59.986917 -8.654114 -533.328018 820.634843 139.351766 322.152274 139.380888 290.233048 -308.763983 162.724603 -117.957868 204.706521 -90.579930 98.772965 116.171815 -106.265536 238.734970 707.726131 417.877153 -304.149046
-33.354365 -90.368940 161.656700 563.356083 287.921285 156.109616 -175.625239 29.347347 -433.531274 -91.745419 -268.090425 -116.906896 414.734487 361.256370 -46.466445 -36.716093 -420.536353 494.743706 347.450925 424.206128 268.556883 397.629978 -193.671983 -121.292601 336.608146 162.916420 -376.290197 -422.086266 -81.710873 316.466538 -243.246639 112.023884 -448.198347 -144.091784 -238.277788 -618.265598 43.775346 237.631332 -53.174562 -258.147519 -9.965301 26.011534 123.983132 405.042602 25.555413 93.515538 688.352220 181.538999 188.486325 59.718287 53.968258 -6.651799 7.618593 -113.043912 -104.083025 -349.597135 -154.307119 31.847518 -336.617521 -18.613268 71.688437 144.807372 -92.889164 271.307703 -404.340957 30.733205 57.945758 -163.552730 -437.400116 499.357763 399.824258 479.121991 -234.069931 -301.908948 -107.967607 -8.211876 78.967546 -286.125126 184.146913 140.190997 302.974527 -264.750268 -372.945083 -371.250206 308.539582 -107.014076 -188.336282 -130.810894 203.053666 -327.888379 131.157469 -103.147951 -215.267025 -39.951365 413.319262 281.366213 99.708875 53.421475 -285.761176 -3.579223
-76.818747 -121.631836 -99.898357 -150.156319 -603.097688 -394.743869 339.165135 -311.466987 161.983586 -278.744893 686.695867 11.993471 508.527110 -70.879116 155.870669 -13.815502 85.279728 -50.750468 -344.961831 -480.631105 114.280082 583.270279 -251.505242 125.280456 -436.555764 531.107514 -416.889844 313.916486 -57.018235 259.575306 119.398079 -328.161661 -213.107533 176.964793 -61.817507 -555.205736 183.130090 299.081040 -394.061371 -38.426435 -510.698047 119.569679 513.108921 -442.329214 -484.440134 -33.050156 -33.021056 -252.177593 -210.212881 10.625517 -444.117995 361.801336 44.817037 24.453797 -194.306220 -338.134022 540.618644 32.324606 -195.571692 -262.570918 -239.019290 53.982533 -349.291926 287.622473 -337.735516 -147.341951 24.590056 -345.135238 380.670304 194.616465 -151.616939 519.194651 -681.996294 -247.447095 -72.791822 -56.641236 -388.852319 -46.345418 -464.550657 264.506224 43.533503 -2.789098 -275.713176 -608.917764 -199.880577 239.850863 -49.280793 412.292546 252.693834 -442.455472 -215.570500 323.874096 204.534068 -325.833495 89.400949 350.479269 117.164926 158.041641 -106.592810 8.087111
259.530211 -200.413723 -194.539208 -190.150653 -232.177997 -317.821688 21.727565 83.946263 375.076804 500.529025 176.821916 46.987752 507.632679 -174.943200 12.028425 -174.509153 137.029669 210.998326 -674.503132 -133.955234 -404.295079 528.783102 -22.104596 497.434010 202.122109 205.060467 314.812083 66.399985 -89.077609 -595.674895 -805.411245 124.039842 59.418352 -51.175774 159.704498 386.348174 516.533866 -216.487772 516.615309 -429.237498 -460.307867 -524.741995 -450.483151 -139.148717 129.919972 -594.496860 167.682736 -65.785479 -315.859954 -176.729252 785.077472 -68.115789 -218.605891 130.542670 -614.422254 -33.451781 14.420701 188.196761 -40.716803 80.822433 -684.337518 -318.473459 256.381427 304.350644 252.794254 -216.841521 5.814869 -26.491024 -464.956948 -398.909370 435.630376 -101.085934 170.966574 -135.270464 510.087746 14.368010 93.264002 65.166555 372.666935 518.309506 361.185187 -460.993880 -10.246665 202.318294 458.532262 -629.923486 224.662399 -61.453886 252.339232 408.886005 63.460625 42.392821 -107.078799 -207.600106 728.828481 -349.824790 522.018024 499.991694 266.211903 117.520414
350.944715 -185.010280 -466.977341 81.734167 -43.187863 52.216754 -62.941926 -375.100388 -177.106821 -78.540714 356.900107 266.650146 93.847714 -636.452778 -503.865105 -314.683548 220.554593 175.615868 -28.748508 152.362946 -564.701618 240.154384 -411.897358 421.627033 -58.930814 -478.303496 632.975947 721.891673 -313.851655 221.936521 -471.316383 -278.051332 331.818313 -221.098548 -258.924137 11.728261 254.715682 -549.314164 -39.773277 170.579576 57.951084 306.724634 261.861546 134.961513 222.603183 -276.768425 348.725317 355.873249 208.883426 -91.471467 449.644158 -226.329766 89.882616 308.354923 -315.212499 -235.564675 239.913287 679.189532 93.538575 184.147737 -260.184364 -34.290765 284.348724 127.378005 -20.322504 344.819780 -262.753110 -352.159002 -149.278199 71.405070 -222.859184 49.703068 -368.646838 381.682113 -212.340059 260.030335 93.753819 291.261628 -293.692161 36.952862 -277.085873 360.310071 -688.037946 24.307334 -533.021706 -493.736290 -60.550146 -41.091948 430.593771 111.467972 -299.146494 363.662462 92.978553 199.211571 365.198768 -438.606764 249.859404 348.144674 -90.283932 852.763142
-29.293420 -249.487480 -123.899390 -597.979518 -16.102154 -394.401158 -18.207440 -256.093818 -529.407056 -343.328516 439.805344 -370.621731 -257.324931 -439.091336 -484.510487 -16.161470 54.820231 -699.323197 -84.905203 -737.083906 -301.686388 -282.514465 -484.191867 134.506349 576.142084 333.761396 83.536787 224.028728 -358.185152 -340.658623 369.786545 -88.518825 -78.071046 341.488356 -80.696426 -237.061561 280.013508 -121.272305 -105.784596 -487.304418 860.175771 -212.992326 354.223574 -214.174885 -147.282209 394.027574 192.121098 285.913845 -112.977941 -240.472801 295.433102 343.010932 -344.052456 -322.484986 610.521373 103.141413 414.192286 171.678664 -23.466221 -319.162245 458.789751 -552.346285 132.988840 -704.257847 139.380092 659.590360 278.690236 -313.991741 -239.186403 157.482227 284.590077 -375.896554 -93.529642 646.225336 297.473560 216.732242 239.758064 50.059684 297.817813 -71.817713 -138.884474 -307.184622 -176.731958 -134.665827 610.224094 -34.301235 -327.889847 15.731257 590.485419 -335.714393 -270.570869 -75.556539 -425.602767 -300.959498 -155.113949 -113.478732 -512.099668 -403.842281 -218.144734 -272.298635
166.968921 -768.558474 -311.057634 -647.171970 -301.276330 56.597244 803.819087 -269.393145 -209.050873 -579.335163 -106.582076 172.494530 388.752201 -252.460694 112.883952 154.766489 -444.300771 200.688248 305.948959 -440.084208 288.852157 319.555248 -75.836594 -12.576440 -342.493465 35.545859 -549.378770 -285.105340 -74.874080 299.131220 -89.105174 -243.052272 -58.855849 19.240108 -556.975454 -304.273864 -614.263365 85.226832 189.830978 -555.513908 403.546433 -4.009889 -427.149336 -67.062330 -424.799818 353.685666 -138.593773 -132.069765 153.307738 65.510299 -304.983078 -350.643949 -178.120377 -281.202491 513.910930 105.024357 -87.610984 -185.187431 -146.395843 -521.378163 -247.460868 352.357023 -407.035538 -256.264148 -72.679455 440.165392 746.385322 -58.436578 541.153617 -230.351359 372.418452 -480.652511 -671.135920 171.845732 -458.401851 266.713458 -68.635917 224.069794 133.513243 151.994351 377.211219 -198.238969 -391.871075 -559.006920 -107.522391 161.670282 -90.367482 149.286052 317.588987 -245.445828 -530.083083 -291.399696 -313.194647 119.463443 -6.861118 -297.546078 -776.247668 71.306363 334.476768 360.137283
-113.130636 265.750540 498.524214 112.916171 199.667853 365.338075 -93.780314 -195.510407 310.076857 243.888768 -530.224944 -90.677183 -50.303756 21.884290 -392.907960 187.537859 549.618751 -41.574524 -148.624666 -83.846415 -168.505128 66.792752 358.056163 384.265462 640.559136 635.652322 399.977936 181.014082 394.898590 294.612555 -58.599035 -237.654043 75.270379 -95.432559 759.002933 332.103367 561.462309 -328.739996 334.179481 -261.130007 -406.114108 182.334606 -484.919872 133.452834 219.172146 -101.698591 -238.341993 615.273209 -298.308042 -79.388056 -150.730248 136.108552 161.145511 483.045012 -220.447537 458.959169 402.631314 58.547565 261.628129 226.318774 -522.828752 133.021873 153.484381 313.143788 233.972665 -199.739721 -424.732181 248.407338 126.725282 -48.475209 -34.028962 -148.055901 -259.676119 -433.606029 571.042116 268.145661 70.105163 351.834876 523.991029 -152.980879 -245.840879 -15.113813 -141.513950 375.081529 124.711164 -293.006588 -141.078080 -84.778797 37.283853 93.635565 106.009583 -58.831597 184.850903 -474.609375 187.924224 -52.291776 372.700575 399.763287 -40.013528 -204.534875
-110.685021 -26.606017 -561.477362 245.026974 -310.007788 -337.635687 -405.784596 -124.417800 -126.722988 -288.000367 -247.449534 11.477652 -338.414116 -376.892902 -55.578014 -71.330711 -10.665987 133.266642 157.097668 -546.157652 223.528279 -231.698851 -272.499054 350.068187 -229.556838 349.334928 -143.420922 -262.613173 86.108418 14.992231 -116.782122 -475.421003 269.207893 173.168175 -563.721336 -326.357034 -610.802724 255.155788 -56.012153 -250.821164 16.825323 44.404948 283.832127 -154.295565 -547.699479 194.830084 263.413372 -364.287565 103.772822 -647.052706 -387.891972 -805.584296 -5.226664 -90.937656 373.881271 -334.994541 327.735055 -178.609130 318.257739 -229.059795 216.585048 40.317967 226.795886 198.654034 -115.763843 93.025801 577.696584 235.513318 129.568852 111.761877 -144.684522 -167.678696 156.167860 356.476481 -0.100980 -264.989736 330.697917 -187.509733 77.011380 209.090581 -287.185082 179.000301 -405.965821 -44.227348 333.757723 166.739557 -144.192451 438.623272 -43.557076 -621.446241 -628.515171 267.794197 52.957999 -148.106791 -307.785190 -169.354218 -88.708440 -153.748085 -266.243570 -687.588326
38.310579 -297.613147 66.542319 254.439414 -154.040282 -293.931717 679.056596 -164.768830 177.988428 488.776448 -119.112224 388.091374 -362.923605 39.795596 66.479972 560.555339 -141.747849 175.093953 -481.335812 -453.213662 450.724386 -218.257724 -247.011509 225.696611 -73.208786 720.847003 112.436272 -173.637252 350.675842 -877.637314 314.333338 -659.472661 262.578072 -292.607144 90.050054 169.192109 34.306906 -206.024640 -490.744825 147.875548 239.170677 -466.659063 60.220386 11.087776 -273.519906 260.993800 311.098873 179.722878 -1087.254915 -296.611227 -8.295656 -170.110846 163.922411 433.099132 97.234741 132.916942 -187.071814 -753.767355 217.568338 138.534642 -42.861088 31.999914 76.798548 348.716238 -495.377838 -115.054101 -357.267586 -231.462830 -474.533563 168.658696 -566.251212 79.178823 -119.884701 0.704962 -22.477702 327.096544 278.254917 -276.359324 -438.906954 -390.918146 -32.280547 659.834464 -154.075431 14.375911 492.315923 -341.662948 -415.531953 154.092303 -297.003895 -154.482198 -471.439653 -325.976295 280.031492 -885.443561 116.690077 -658.235322 -269.056418 -44.314280 -328.488032 60.502313
-64.446337 -153.236214 -424.745070 238.919122 -112.369139 196.407858 20.914735 -147.714808 456.701561 417.688242 -32.947906 102.620539 -389.863765 101.269074 -75.887831 171.893262 36.000459 -212.552089 82.124673 61.662924 -308.604820 230.377382 495.270040 -156.519358 212.005491 -172.863222 68.296895 418.623034 -234.663369 -340.755850 -103.438588 299.602432 -121.610829 -209.068506 4.553946 480.126729 103.860399 -491.545917 55.013350 101.892502 187.200384 -100.364394 -170.019798 126.675096 255.597675 503.136200 -82.281847 -81.033894 -160.159829 -169.671893 78.295422 -563.225510 -67.281439 322.335025 462.992895 435.478243 20.072051 -870.721269 -410.555352 630.349293 -45.397887 465.550566 -233.904818 130.580341 200.060298 89.514611 161.103279 138.159263 17.958357 -33.403059 -103.297972 145.089148 76.858027 32.570781 15.495443 -359.206493 320.383325 110.270582 -297.798873 -135.235163 333.809653 0.204222 472.158825 138.699744 -271.641344 28.111430 200.041968 -260.400310 -258.121573 286.786906 -2.946479 -762.825744 359.394755 263.742870 -23.111023 18.958620 200.659642 510.272438 508.875215 322.593061
919.067100 111.427743 154.649188 -123.358893 -129.994671 179.058562 -682.639256 -105.943103 -583.295574 345.046776 881.326685 -489.463920 -357.830301 -445.951563 -470.136001 -59.060094 201.869525 329.183517 129.480894 -411.885925 -636.757082 90.197937 -213.779235 268.074345 278.449226 -97.064565 -257.105749 -176.200648 -121.833600 -0.264723 45.918975 -203.408948 -16.691157 -67.753399 -107.831741 -181.490036 -193.998348 -293.843988 395.007828 -669.618561 232.357621 -385.577862 214.424558 574.262448 -370.265959 23.503245 520.490336 199.473086 -99.240626 -30.337714 -52.171485 601.631114 -207.236700 -697.109206 -74.265249 208.016760 239.908914 140.643643 251.820845 187.633501 863.625682 -31.522257 114.273883 -381.651681 -60.616073 337.684198 235.437910 -118.510661 169.724705 -204.721865 220.226272 -668.064988 542.038614 -285.061943 -107.970909 -189.101481 386.244122 -482.975615 501.483061 -358.800724 -122.029691 153.144480 281.006046 142.360000 -31.492683 -214.499143 -205.292321 -265.885505 90.702441 175.443520 542.504862 181.814432 54.195579 -55.460613 -364.592015 167.497644 -86.386444 -155.491033 330.988567 -297.435257
214.395271 257.974435 135.971310 96.623216 -177.512110 725.373804 -401.294059 -81.478776 -48.457005 185.337178 445.843494 240.312072 62.966794 181.017617 -123.362034 190.674627 976.015032 -286.523638 -488.051507 -542.646624 104.997690 262.791170 337.369262 487.734994 -190.599909 158.166465 690.820669 230.105134 203.353876 234.089842 -366.514108 -785.228608 70.327364 254.687466 -123.518628 -119.873995 438.254550 -44.696447 346.194422 -403.454902 -317.804417 -201.325467 241.221088 195.459199 -109.505659 -365.435284 386.017046 -355.677972 -220.505297 406.361955 115.273795 -396.008958 110.275714 167.626618 252.496670 -164.172407 272.530597 -171.581304 292.453668 -49.304483 -396.863188 -575.728826 272.842815 -159.169041 329.506639 -608.996197 170.330065 -638.328537 -62.875376 -437.164361 -324.693275 -71.382155 -246.799170 126.554815 -311.164516 475.422474 243.291942 -131.061679 335.356973 -204.555391 -359.457288 -227.894686 163.930331 28.976791 362.605070 -365.259027 -147.711251 -200.935955 -402.079455 268.545921 -171.789836 -427.453808 -77.013225 65.559230 34.677619 6.021572 391.367044 360.131780 -61.965695 -452.117193
-233.032408 -130.191630 19.906059 -294.277670 -530.010716 -163.047466 585.747633 -132.024740 -196.896757 167.193201 564.590053 80.000310 -353.948920 -37.220408 -214.208677 58.761955 -91.767548 516.847828 18.116618 -171.731318 704.147021 -117.159759 -692.813536 89.193702 -436.066053 -168.319105 -658.002494 375.020109 -65.014195 350.472382 -436.957622 -352.002925 -153.792205 -260.923147 -481.528605 -317.754926 182.059083 -372.815036 -127.688443 336.821655 245.991904 457.613393 108.060105 428.096491 -15.886302 -456.736723 -326.829733 -184.770494 84.277948 118.513819 18.497096 236.756466 -232.813050 689.792780 129.793489 -212.570935 238.102255 606.624902 -212.051687 -387.844946 161.195443 335.031331 312.154581 -24.125277 -18.087354 -29.270526 193.746571 -363.974624 -630.088594 -105.184585 -461.901198 23.983214 -322.249100 345.426406 -38.060922 284.397840 -295.741120 -566.116826 -67.864763 -773.918699 53.721362 114.382785 -477.272536 -61.352307 176.084757 270.818377 -387.762071 795.816583 -256.701564 -458.459172 -280.770581 265.390541 215.331484 -356.929430 298.749712 -588.789620 -559.062975 356.707778 -128.377459 -161.924995
-406.708992 182.019157 232.515418 -145.716976 234.592115 -393.539077 -74.171160 120.174398 -295.900241 68.674661 -22.741157 178.658465 132.522422 95.288342 6.797712 -555.003031 82.172942 451.371322 -86.303504 209.639043 -28.910530 38.276034 -33.608796 -746.363327 -431.180749 -232.303414 -229.254003 75.527061 -72.410751 576.742227 -190.288913 335.690093 517.101790 113.126258 -122.766223 -374.495081 -299.270673 178.535600 89.789309 67.670068 -411.290677 38.194916 -52.974100 -487.396184 -604.501751 -29.525815 -464.726380 -181.060120 488.645860 234.031807 -186.010026 -225.084215 -32.751355 121.708503 -528.068077 -104.969263 -136.327905 98.767920 11.489268 -215.686572 61.283989 29.434461 250.141312 7.833316 -290.512435 485.425207 -616.778113 -161.779339 -33.665229 -140.086927 -539.816669 407.987560 169.536706 -73.468300 -221.163822 32.553614 -540.042101 -403.542890 387.996047 -252.732863 36.782561 258.487897 -75.763601 -102.263705 355.193361 287.395030 507.493100 20.329422 -456.146254 -201.344046 -456.545844 -29.716405 530.264305 -249.771071 377.488707 281.918988 -210.138797 -478.380350 -38.810815 -520.367212
-38.158382 -305.058940 -114.382157 -209.244006 223.919465 -239.958188 789.124774 313.452422 572.651215 57.530770 -293.938067 -300.685178 179.440725 726.904346 97.938705 592.453175 194.864781 586.683319 -301.988614 512.846961 1042.455482 182.792477 29.797348 -88.755081 197.430873 126.637285 -520.120022 -624.121582 -15.351566 -188.460557 299.274159 -414.525094 -438.386932 -173.095693 261.269406 -53.286331 64.779483 196.803342 192.232885 235.641986 203.689663 80.884283 -267.485651 288.876602 103.129934 -40.246884 -289.626997 125.369255 49.973806 -23.195996 345.524865 -273.284107 -266.575929 27.928684 974.422689 81.527565 -433.356845 230.334255 -54.781378 -516.375558 -346.678993 547.938590 -207.256108 12.803486 -293.996805 -684.837878 131.192912 967.066038 -196.455741 893.108244 128.880976 338.182181 -189.666918 -90.762689 -13.268673 24.342864 284.476619 233.485875 -14.012772 -40.514569 378.660608 -341.351541 230.980092 -68.210615 -498.697546 299.477686 42.088841 97.965031 -403.498230 -550.116369 -439.251051 -601.115374 -220.176518 355.752645 -163.676496 63.801467 54.027471 -2.882753 215.991003 684.649484
559.876575 -65.298520 236.650807 287.497761 -177.223882 221.505428 -170.394938 35.455058 -268.693718 -44.891506 -137.731252 669.613695 307.806352 81.216892 310.013480 3.745603 140.877028 214.474983 -451.033081 -313.009320 525.942395 -210.693773 258.573353 -249.434461 -117.498474 411.454355 -18.811859 684.409552 285.372549 -637.069493 499.915700 -720.913052 -240.286731 -648.100439 -733.570779 -164.364621 -119.200678 -86.026697 -280.546949 257.323306 322.777286 43.473689 857.352166 578.513306 -263.449143 -174.857309 137.213568 -122.661992 -72.300882 -307.833846 -103.182618 268.138012 -109.487956 -65.649796 441.546470 -512.085740 43.471852 -557.984705 -303.058217 41.872920 205.112816 307.794627 -289.585301 -198.789795 2.625565 -7.942423 -105.696750 -269.639929 -48.463454 -79.064551 139.918758 407.023717 -508.545794 471.736502 -219.604323 -31.918127 -23.832383 290.808258 132.446591 112.146494 197.442689 486.129101 -346.751967 149.019984 667.232528 23.517151 -691.138915 -574.981447 -32.434269 9.561608 208.034753 -315.072030 -133.615896 -38.477941 -272.486500 318.346571 -442.663956 -364.560852 -63.113840 317.508717
-194.046020 -440.946620 -160.005497 -74.045220 -160.911919 -457.321887 199.714022 584.253172 -9.723596 -220.189553 -20.205430 -580.220533 -5.148020 35.989145 -647.307823 231.432415 566.694356 -196.396970 96.136594 -435.725674 367.551525 614.285529 -322.778331 290.374820 231.528262 97.005230 -155.111236 -6.507676 -341.738752 -704.833888 -211.615550 -336.735531 151.200583 -444.085241 310.021797 -379.442236 148.676960 -455.093188 21.630442 84.803455 -81.241783 -747.953892 147.117735 59.474712 -121.554428 231.784158 -188.811837 449.144634 434.132117 -159.713136 -138.111698 25.756021 -395.866567 374.566333 406.499806 528.147903 575.652206 166.846073 37.790061 -442.435413 -12.252327 -46.792995 -472.018251 228.329448 -476.858595 -647.483429 1.163968 531.713328 139.592553 725.250238 65.538547 199.680274 127.618638 -247.428186 -141.685064 -526.424266 146.676241 13.200428 144.674239 -5.868478 389.972412 -387.703559 198.568365 -411.920417 18.502268 321.444572 687.267080 -366.583708 271.662934 -165.264677 -58.969330 -44.858250 329.187585 -98.820021 -46.083003 -375.630561 285.187011 343.291109 -246.921280 -147.350121
377.367973 739.219074 411.989027 565.388188 7.897053 212.928197 -105.655012 629.637510 198.142542 122.963849 -991.547163 -202.782453 -426.145610 -12.658730 563.496577 -313.582899 -185.837457 180.922975 70.240226 198.203069 -35.751153 135.348185 -200.231810 151.368374 -117.858428 427.684396 311.440698 215.649884 -41.208105 -415.055564 -360.187221 -658.293205 96.214157 21.229621 -279.335606 102.032179 131.366167 377.799683 -485.280097 360.966094 367.718370 -371.446336 67.347264 379.262282 510.804328 -78.248831 -73.783763 -529.797644 -118.967032 -50.635513 715.148495 -81.679810 250.370865 502.248460 -58.225787 35.406962 -378.030484 -286.128949 -780.733935 78.811214 3.028276 206.300992 70.378910 -47.731063 -383.949402 260.098255 377.014354 27.968841 -217.138319 216.595286 53.191776 -339.444335 195.019452 260.221788 -113.227779 -46.861176 3.184480 289.987400 412.703567 -130.045880 400.581420 -271.213828 -667.383977 22.437009 242.609260 -254.084292 -129.002366 -258.981712 -347.083853 -474.627410 -15.740175 -254.154080 174.927361 85.244518 94.055444 186.052551 238.387667 506.157478 -35.322772 -91.257118
142.308180 58.548728 229.672204 698.171783 271.919995 -442.397783 573.733376 410.591931 -493.394737 93.333311 -402.626484 -322.420775 375.967793 -166.946112 408.079230 62.548889 -394.895204 1014.886719 -344.728719 -454.559421 142.155122 17.147911 -659.306730 -506.314094 -40.618377 358.312381 237.387743 -119.687013 -730.254937 -340.525939 -375.768816 -123.552956 64.201244 -721.103582 543.437140 567.995624 7.150400 -77.427901 -132.455409 -301.469139 -679.655921 14.484949 -544.192306 90.232876 -79.652640 -635.758590 -570.755279 -31.045597 534.986286 287.882791 142.877490 -533.797483 -16.781504 183.726801 -349.944642 -75.529780 488.962786 69.428885 -157.930269 -326.685741 -495.460458 118.343172 -458.216210 -21.033580 -238.247317 87.623042 -254.389278 361.937333 607.426155 315.331793 -66.178756 -415.249171 -73.371146 535.890044 259.980781 185.947502 43.136687 -161.618698 1211.311578 56.081990 760.986235 -433.791349 438.623108 181.661992 230.428256 207.725373 120.570106 349.612883 -129.475235 498.659053 812.807593 -636.301005 290.534249 -670.632436 -94.692314 -309.477987 -126.757947 -11.942335 65.673736 -223.582923
-130.745375 -392.333960 368.627149 150.204691 -90.429695 -543.403812 -274.480568 195.873773 281.872678 -408.657352 370.178881 74.725613 -454.026119 612.330128 141.103715 301.140158 44.869876 -530.254964 -257.380563 -154.086157 507.943863 -289.564362 -235.501414 -494.889735 503.422316 -427.710984 -129.372093 -22.301177 391.875194 -169.895949 197.890615 181.305792 -113.819321 -647.914747 664.541509 -308.821171 589.925210 233.067733 100.938654 -329.682584 356.355906 503.771775 -13.686514 -73.727017 337.148435 -109.743332 -565.320368 -389.549034 -509.663057 470.808605 -253.651737 135.722526 -334.406665 401.933345 861.241312 -73.568222 -311.696817 37.906097 102.889479 275.420490 470.744245 623.731103 -134.216330 -105.999211 -286.715106 -6.265645 -168.513589 -58.774038 -479.563930 75.625439 -1195.205338 134.333097 57.975620 -215.897137 -57.661854 209.230058 403.516332 -788.318638 -611.148186 136.986565 49.923899 -296.247433 206.507814 -866.242831 -93.487048 -17.707204 -211.670788 65.412118 -290.639087 -281.783255 -333.355396 198.522917 -865.644156 -118.990361 50.481009 298.411679 -341.282297 -396.730833 -272.119713 -522.201516
-62.513972 461.764406 0.043831 33.436603 -178.414769 -139.212371 -209.064410 211.820583 -59.173847 249.457133 -174.268533 7.620054 -664.645811 -468.404426 197.330105 298.125568 82.854848 -49.851421 -429.946504 -81.819456 -272.522790 64.924496 -261.017394 39.269294 -52.481813 229.662654 -378.681430 -302.167888 -473.807809 -499.072567 -617.442822 650.161506 172.857443 71.756690 -130.038766 264.772477 106.826667 507.926786 -576.315753 -409.334487 -612.421222 -262.184892 458.703601 -324.699753 53.546903 47.067589 29.111906 218.203795 -212.510827 -272.248119 -242.898834 294.536662 385.706153 426.634373 -650.796751 347.639790 348.861450 -214.782695 252.073316 32.289525 355.661533 -140.218568 3.798937 356.453688 95.918953 -282.532617 -84.511062 353.084037 334.053063 -326.329719 345.805806 211.949311 -82.531549 54.278779 284.320425 -861.257138 -130.349688 -115.152477 -411.981851 178.391057 431.858127 140.585641 187.178885 -496.560439 -39.510588 14.608080 75.770083 -19.357017 6.060856 302.626495 304.279058 287.499979 -227.356849 -379.412591 430.433302 -248.776106 510.656174 -19.935035 41.466676 -3.333356
119.390963 -168.128595 -360.779913 -138.684026 373.997454 133.763027 69.075760 -265.086416 193.026265 -94.260079 -339.318944 -99.446258 -57.891535 520.280864 111.127505 -369.406139 -17.882917 -56.189493 433.276773 -536.988008 135.817493 -242.019662 -22.680208 145.463191 324.624596 -49.486280 -232.589432 -413.031549 411.383325 -299.928220 467.238256 -97.943391 -498.393204 -34.304364 -118.712979 -159.107527 651.609186 36.248559 179.557338 -349.700346 70.565830 289.568203 -398.859562 -128.105301 -296.299661 245.730115 -375.961585 -227.438821 169.402344 614.219379 -357.104954 349.637835 -70.879580 -530.664823 244.737679 -43.898902 -317.719934 -137.445517 -513.318709 -653.476266 429.840485 578.687860 42.430208 234.032116 -121.606974 152.194706 172.184262 210.201084 -229.393290 630.817294 65.027512 470.905133 -484.916669 -131.315517 519.731712 -177.711819 -17.472988 769.965247 114.269939 -345.135154 388.750025 -400.836178 39.126304 -19.590439 -195.363632 670.450069 -45.531896 -128.716046 -281.356222 -1068.733326 123.340237 -234.236697 183.107019 -23.461664 -153.374385 908.146078 -475.515493 -122.191044 459.325359 -10.433005
-315.644167 246.111455 -136.244744 -273.970919 -567.771029 19.572246 -222.057264 489.835268 251.877658 451.681345 121.695883 -63.653871 663.669441 -34.868810 -173.214397 -91.586864 945.383043 318.451053 -623.949347 35.831224 461.705906 -425.786000 -150.089051 30.202859 -191.794223 -6.662137 398.677511 -397.346393 -61.556964 -147.024082 -309.884002 -668.738587 -260.724432 96.564343 -198.831834 -231.660860 -144.897096 -377.733020 139.403335 52.560795 -422.010715 396.238392 -86.033546 -6.313374 -416.195299 -18.748958 -490.199480 -415.370676 19.478741 68.476726 157.153016 197.151661 -302.831911 -166.526439 -491.697296 219.303423 -282.677147 -92.902078 -275.652024 -247.542553 623.295655 -68.801981 677.522946 340.541369 307.524957 -344.529780 -26.544945 -503.879898 -174.043874 -332.206774 -339.352310 -363.326878 -67.807181 17.903630 130.745938 -96.788674 66.506876 -302.504305 -138.103696 -167.712633 -512.553410 187.169805 91.984446 494.529909 139.051964 181.314771 -665.356240 295.223090 -183.332265 184.712667 -51.672973 -186.766144 155.290848 -384.578633 389.208375 14.274678 -425.459222 247.987532 75.375811 -244.909420
-559.410375 157.542429 51.623586 248.025484 163.223483 -48.367980 227.174140 457.558224 123.983479 209.741646 80.734951 517.153446 -667.374658 -181.966349 -107.452453 -47.348567 -34.220284 516.098664 -174.140812 -132.775122 470.243842 -261.070133 -212.865100 150.872985 144.165310 86.427584 340.334066 166.461954 -237.273675 91.221487 208.989819 408.935954 -48.479675 555.609976 444.952862 1013.642968 85.763725 66.658364 -169.480524 -339.635694 -450.768933 -513.063845 86.319627 -242.165708 -132.739651 275.449339 -349.742712 7.839065 436.558258 -547.985967 -82.981999 377.489157 234.073201 1285.553617 -520.320385 -126.969476 486.309260 45.863296 -75.440192 -156.206556 55.311721 252.864004 -186.171174 -57.831350 191.440203 36.337885 -137.879585 182.359168 217.134836 93.846989 -164.932849 194.974602 -518.508471 88.900506 -449.176577 -490.454445 -413.683195 427.705604 5.014678 -274.104583 632.147132 31.815555 -441.782611 -274.523790 -1162.652869 -326.136770 243.378948 32.141572 116.333149 337.096958 15.728054 401.365830 934.617726 -109.389563 760.785562 -274.073317 28.730650 650.632795 -131.596983 -45.539331
43.162660 276.370131 -97.937944 -401.537633 81.578369 -78.739279 -68.970273 -260.148942 -734.282060 -297.600475 144.899044 -111.490938 184.505736 352.373977 -70.698217 -34.756220 26.225597 -96.456702 154.189400 -221.996501 -547.149970 725.584471 1008.726809 34.888409 -211.662414 240.473942 187.011426 234.701156 -133.171221 428.283453 59.539141 321.939339 -35.358989 458.729691 -278.909901 -581.540071 412.726373 -196.460812 -116.800614 -291.218485 -264.001604 71.790073 -404.519647 -74.208207 -476.596359 -223.911163 404.458589 209.716439 84.161130 196.121793 -477.957115 127.406118 367.177265 -342.743962 147.369362 32.463410 317.310185 -163.134208 174.006933 -290.272959 -79.891719 -53.743586 87.766150 157.417832 215.924913 -68.507115 164.254600 -171.650228 520.043348 129.885177 250.372331 -161.981994 355.905995 12.030117 -153.908373 -441.554593 -267.283760 151.207023 740.245661 -104.862430 -127.729381 -275.990711 241.289691 -253.381773 -284.186681 735.416119 -83.781995 -123.444650 93.217418 116.074907 -507.767238 -119.126423 -157.667124 -184.203807 -208.270135 -114.053709 -178.703346 -13.904976 -356.403264 -287.175960
-287.110722 129.149733 -84.747877 -275.841275 286.965410 -76.831908 -243.708926 275.680427 596.748517 -167.220883 -598.950952 305.687625 -170.931801 10.747057 -405.372957 173.611306 76.485386 95.992450 869.300876 -41.517747 -456.989266 -287.234079 89.168274 -196.293133 144.579445 307.483373 971.579180 -332.441834 -284.772232 -76.660745 -189.414314 -619.908453 -444.028286 -25.607255 -528.488080 314.955370 -454.138683 250.069255 196.217756 78.497644 456.224678 -42.471655 398.408514 590.245298 549.840625 515.907596 -293.763170 -35.481666 -105.076970 229.567472 414.527414 40.569481 174.915534 367.848833 -331.937923 -3.715174 -116.182265 -223.939023 -1186.442961 -27.210790 163.611828 275.050753 -237.141602 236.373017 -47.715011 5.268865 578.245620 -526.595701 -384.801934 397.647505 291.630066 -438.215398 -774.080156 -664.112435 -509.245397 -522.995092 347.648122 60.057730 198.868706 184.176422 124.397373 173.593752 199.082326 346.181280 -67.720926 -227.937537 -541.502943 -291.641534 230.615783 183.859356 -96.964035 -183.799016 -127.564675 -126.741054 -38.470010 386.472673 352.869054 198.210951 221.194613 544.426035
-461.452713 161.653070 25.645159 -494.323096 43.874316 -1.558143 412.760568 427.841205 99.336301 -17.791510 -37.148821 376.884850 -30.754854 -75.457522 -324.746933 634.649866 730.015823 -445.681827 -510.040913 -373.880122 46.828026 92.120027 -13.938366 191.660426 -90.890568 -187.528076 -179.416211 613.188521 -268.097581 272.675156 -545.944947 506.389800 -490.296412 -102.690932 255.935077 233.419063 139.144027 424.631981 813.470731 167.304807 275.276694 -99.467320 177.992070 -185.782232 -121.855887 290.894542 -520.176067 -357.084674 -102.291455 189.750466 276.159965 -451.327728 -178.854973 63.104710 -157.615018 -127.842415 138.631086 -368.312064 696.839607 -177.803193 -235.460617 397.358382 324.813921 -303.178331 42.376887 -384.557323 -35.442065 66.010769 -304.900644 222.631377 -155.104635 -553.591144 131.508172 -704.698722 -111.957919 412.843404 5.447565 -447.738473 85.562615 110.107633 -504.604896 -343.755612 -227.261015 -98.665603 343.437945 -33.582478 574.335886 512.071661 262.159009 280.932834 -608.089945 248.089992 -120.932706 -312.074766 -57.863979 537.186272 799.052677 192.218793 -708.229348 -574.818155
216.432464 253.258303 102.891862 -25.571850 547.498341 93.974498 -290.156119 630.162933 231.615592 476.802597 182.303714 -1067.138244 357.696595 388.485356 -54.267705 51.350648 107.510205 -66.857073 317.303122 -235.982368 58.677739 -316.739336 236.728608 -202.980582 -294.493723 -30.538593 9.261487 317.660211 -328.311746 -182.475222 120.094003 272.707508 323.820654 -402.490627 174.620338 168.836265 -82.494155 291.004763 262.635026 -53.878878 -58.149121 87.601529 42.316506 41.943183 -214.797161 500.552693 -572.253152 58.095534 -55.291018 -229.370515 -88.785809 684.925763 490.794667 99.419905 137.813353 -159.555681 128.025650 321.630227 291.230130 -24.829849 295.172191 -568.683368 -91.176383 298.473326 -486.422128 243.578447 -127.845877 -188.333037 -200.769756 -677.167541 492.137765 -497.365426 -120.310246 -259.598072 -123.770116 143.976827 236.037958 -249.644883 629.296906 -237.135950 -380.888100 79.924330 24.540362 248.996501 -223.027921 -579.789729 461.098403 80.157222 -58.335986 219.292589 421.875693 192.676110 661.223356 -62.330114 -465.037850 85.833859 185.174685 186.034641 17.805903 209.294923
-248.979665 -62.735161 -514.641671 -956.927572 -32.394342 -64.886934 485.692355 32.103922 417.183548 22.220942 -269.903850 -379.765445 214.675331 338.197715 -203.909118 -211.886441 265.855754 -119.030420 225.649037 -91.164218 -80.728947 -343.068350 -190.326537 298.710316 -303.024787 -303.706829 -122.640506 -117.352244 235.549463 -371.978715 -606.292887 -204.013366 -46.143810 -209.424695 -379.460778 133.351029 11.941990 -309.513327 340.175681 843.213471 262.557171 373.169488 234.910150 -84.462708 149.915157 625.783473 -54.355537 -284.169620 195.913780 -337.756222 -82.965880 448.228621 -196.490389 101.536796 399.663701 184.992189 -61.992373 -533.351557 -433.315834 -509.454321 703.896548 442.256678 -254.601110 122.177719 -31.706944 -505.236009 243.324651 208.208318 -214.263286 223.207312 190.144617 -194.347834 120.507803 -6.738284 106.250070 250.353148 626.014450 163.486563 -182.165474 -254.858077 -161.516477 22.502285 5.939154 -52.022244 -290.309182 302.328859 -314.715129 -175.002340 66.091846 -263.646597 -87.328178 -489.554590 -475.722216 -448.291743 -153.060587 71.337085 -44.614584 554.913639 320.235848 468.635901
183.422088 62.004073 -119.546138 703.583145 -202.288656 -522.031753 -65.205299 421.414337 303.692973 587.183230 325.866883 354.167041 441.896873 -370.871934 -79.423425 -162.536226 -285.813394 532.786023 -272.377595 -455.272166 114.464014 161.987071 -696.078645 181.645247 -513.475853 184.822866 -143.439825 -18.195480 -120.221932 -551.221943 123.087186 -87.335424 -479.909045 -271.410306 -148.747820 -31.733483 254.022255 155.142024 -323.720910 -216.759392 7.339362 -149.724009 178.986838 -245.039315 144.940780 -630.610886 -200.472367 -108.843478 -162.328329 -141.934193 -150.439048 612.250149 -351.005632 346.092050 -287.183308 -306.583346 -304.815073 -525.405778 360.250590 78.396226 370.760090 135.820798 -32.744403 344.150072 312.996558 219.326795 -170.554571 56.616364 -367.786266 -99.641283 -569.746843 8.829081 -216.233202 -138.724651 363.315400 -1098.404111 -639.415609 -143.950276 -627.718639 84.975109 171.935342 -148.705130 -30.708314 -525.461066 145.863856 -486.844301 -454.733929 42.724706 -39.786034 -416.226190 207.494212 238.517830 275.796300 -126.890995 238.951652 107.845695 697.473543 -134.966211 11.044693 -149.639842
-324.277026 550.720386 122.237280 27.851249 -64.424084 89.002333 316.422686 182.124424 37.429277 173.358050 -124.703296 -262.557633 -223.772882 -154.613462 63.646650 467.939397 61.151563 -176.418832 295.488125 111.116403 -87.222692 75.350230 -52.608364 478.687580 150.151328 185.380871 241.433507 25.165470 123.157549 -380.057909 -500.212234 14.079018 586.478544 -38.711248 -153.272023 -256.548845 136.988115 -17.997401 78.152375 192.728935 -552.345882 548.237750 -224.923324 175.990281 427.909263 -255.465049 251.487540 674.828923 -205.484029 -535.722198 -7.871419 678.857693 144.198466 551.634076 -273.865707 77.568567 320.101269 505.979372 382.988974 -23.985429 -214.891249 -382.407473 -0.255015 86.318651 190.056176 -648.149397 -554.840121 327.755860 -106.914215 130.943057 270.311632 -240.412453 -42.443475 -23.546478 231.838370 -3.557029 -506.721783 60.563187 -230.815627 -110.467608 -216.347748 -68.125109 -492.682388 403.725492 412.357436 -114.119809 287.794026 272.194924 165.406150 56.627670 200.917150 249.775969 -231.339729 176.726612 224.098143 -270.731508 645.925742 -139.880156 134.350238 518.336910
65.130283 -339.453479 387.582064 638.409789 114.800709 -191.428006 48.607802 39.935722 512.124617 60.034461 -463.603214 18.709479 334.161353 -650.312038 162.779375 113.272638 -434.534722 299.707394 388.766978 154.706127 -702.992994 329.515958 -303.603594 -5.628451 41.883286 85.116458 -161.563565 296.799126 -20.007336 -60.623200 89.637746 -225.797972 44.023363 -117.570147 581.662327 -145.382860 -231.294947 -125.649845 -372.572162 -13.302983 7.223144 -170.640899 -131.761539 -24.075578 190.841175 504.951395 26.413416 483.074014 -333.749957 -111.978619 242.121263 244.076841 737.073549 -291.608586 -579.291031 746.192533 -576.856301 113.975921 -144.976640 580.404829 -468.537250 -154.597426 -292.398938 507.217291 -735.799405 626.263066 172.170840 -345.629387 134.895473 -532.926740 341.168412 -73.326587 -186.484660 -572.421180 248.438285 -355.132044 97.198632 415.844772 -109.413064 152.712946 414.952934 223.956085 -397.516184 -546.596924 -169.514581 221.031440 95.202754 97.335407 73.011208 -256.267279 -286.892840 572.320772 495.714033 -209.547045 441.065995 401.270674 469.310632 -315.141897 39.741481 275.925240
-73.051437 -397.759005 121.074657 -247.526656 290.406754 -503.764109 326.165789 -292.915986 18.971228 55.896674 -520.347022 -408.218893 492.017001 195.116384 12.727243 -47.094221 338.435866 -175.013660 661.880979 -241.756450 -647.581708 -315.698737 -63.078808 -282.324216 498.203879 151.283998 -471.011807 -251.998595 -22.661381 214.468220 5.741245 -237.732494 -175.919363 -476.984908 -160.956905 195.832324 114.477991 -433.866286 136.664141 195.177479 43.000826 421.422228 426.417810 -347.947633 494.519461 -38.309694 -109.015425 364.304265 -16.046052 -150.951659 199.543191 336.265574 161.498338 -26.451396 84.185918 44.988851 -226.214135 -456.266268 42.116270 32.104468 359.733811 446.401781 -130.428252 837.929293 313.851020 -81.147530 -498.118550 137.824039 -76.795164 60.268610 -303.402413 -329.638244 -319.456690 373.046569 439.716513 -264.675993 640.629445 -54.015873 236.277930 -110.112923 201.192287 73.687348 218.458751 345.594214 289.293609 -83.048594 -373.686588 72.664173 192.573502 192.244352 -267.126455 47.562988 -178.545451 -343.153507 -16.148017 321.938543 412.432485 -454.755323 -64.617977 587.716802
54.778616 -83.345362 -500.593754 -489.299125 184.810934 -88.864499 504.635309 -299.115692 257.325093 -4.294096 -151.039460 -316.258765 -167.824712 -43.530836 20.409406 490.830055 192.107045 -484.125214 305.488571 -74.872297 -76.924429 -34.018016 432.204007 -60.454687 222.632198 -235.058060 -200.400562 236.427428 -10.100562 201.047610 -312.615966 601.795605 464.011719 -84.330353 -594.768669 -2.931892 236.446467 42.955976 2.147258 121.351446 -145.428004 173.566847 -301.339211 -251.698297 215.481087 202.628037 31.437466 85.999555 282.433473 -52.195652 -227.832310 -347.084780 -36.401898 119.222517 40.031671 503.051404 523.655582 -114.231284 198.011829 -42.855833 -263.395406 581.255717 217.599428 151.322143 -5.893940 -340.682030 4.349846 84.244035 -64.765872 -349.112157 20.169043 92.094806 293.509547 -106.002629 387.157156 -98.768644 -10.055175 168.952919 -129.344333 -44.266167 -27.923077 -59.754398 253.429869 166.418316 -34.640569 342.852501 605.241267 4.993277 -320.033434 -508.226056 -382.760367 -264.575387 -619.925792 109.372000 -162.916684 170.367267 -330.042958 -693.321377 678.339082 419.220587
14.326145 -49.122273 -156.585502 277.917521 418.352396 -283.982469 -651.812908 -389.880011 250.458081 615.561499 -673.552989 62.793123 -24.846479 1.606504 432.544249 -247.961354 254.007188 282.198649 470.014415 152.658124 -715.803136 -471.755716 -275.685217 -223.671446 328.573220 -6.887775 396.103335 177.742908 -196.309258 -9.356852 -90.094198 -71.909106 -6.379947 -458.485028 17.508546 -73.290148 789.826299 -72.587351 80.061341 394.719898 -99.419395 20.511395 145.950432 -47.241769 -204.021684 -201.413821 616.136189 -512.893176 89.588096 -68.592851 175.595899 387.497404 -184.807484 166.902768 -955.999896 379.059827 -155.965951 -46.364162 -66.631191 -222.196467 48.744677 -7.588697 390.916589 333.778554 69.537927 361.992948 -288.764197 133.340485 -459.876413 -834.942906 507.443852 651.803120 -392.310686 -188.463266 285.526507 522.503484 370.911329 -408.006355 -336.411461 322.096271 -12.845834 524.918947 -725.028627 154.344074 352.164526 -44.032954 284.236130 9.574709 -160.843499 -385.903073 203.867125 -12.767974 -59.457825 -4.784153 553.018448 -28.520995 715.225122 210.107067 -404.642885 189.624126
-899.043823 -161.326811 108.098559 -327.789991 311.265736 71.118979 -385.364933 -294.202980 -298.051935 200.590832 -81.876298 -432.765543 -294.534664 24.769641 -875.170444 -67.625965 -78.622053 195.853969 43.678519 192.771004 205.299616 -316.936156 -39.642631 -190.012400 536.171502 -261.438194 201.598204 -242.313637 3.400172 -401.194766 446.609196 -307.611904 -557.235837 -521.980431 387.841671 -132.324180 -582.702238 -405.704821 -647.841579 -137.076378 212.774020 -195.555919 400.031969 81.474881 -123.997804 1163.547410 -82.685149 -218.371717 72.668635 -516.496036 324.576443 -41.979882 -105.524961 -84.047833 -202.173315 78.410131 133.989449 403.953233 44.691963 65.758866 -61.147839 -289.482665 -241.642974 133.792135 150.415225 -603.716484 -38.522000 -481.660988 -450.869302 22.185965 -329.676427 33.807696 23.999438 -444.261169 -157.579632 48.016521 -31.162339 615.936677 16.316781 -105.674147 690.199310 711.675304 -373.916318 291.133496 68.156160 -21.041162 -51.932947 -75.122728 -353.997615 601.483401 -584.731212 -4.358363 562.028158 -187.452669 552.279904 -385.876667 345.859456 198.762612 -751.736351 -177.827816
-322.339922 -160.846383 -623.014380 102.730154 -752.969012 -30.807689 234.082822 -105.985856 -502.471531 -653.399883 -101.987843 -106.656701 -81.887909 -649.843433 166.351071 420.671890 -63.524914 -634.412042 348.214479 -65.732343 126.029901 605.021107 52.158573 38.677081 176.722033 213.690649 -56.444738 -411.492961 -148.110335 158.001017 234.873613 -310.656512 278.664229 -174.627873 -14.356204 -462.365223 -289.115109 57.046561 -69.116856 93.353700 108.317544 676.331233 -20.733130 8.231803 -492.073250 -559.367611 549.262729 89.236671 168.063077 195.898523 85.036157 -220.416757 361.635712 -510.640324 330.884299 -109.911192 -337.774275 160.856879 126.560306 -257.975164 -239.310803 -386.698533 205.332198 19.243261 -36.737609 103.862679 142.693053 62.590025 -31.250323 443.520254 595.561460 331.888903 62.035976 194.570302 -312.665907 190.123158 467.908787 311.237799 -370.787984 -198.946614 -314.350196 127.700535 202.421013 -171.750929 473.327288 236.017756 -99.780440 259.992252 506.570972 -362.035024 -85.118623 191.759732 299.687249 84.578425 -239.061790 -378.563020 -276.385298 -237.833891 -11.722205 8.817613
337.878438 -281.336700 -294.991530 190.716698 -232.279948 -484.134298 743.818816 1.712794 -1147.755019 -434.068584 540.570210 -321.990730 83.545538 122.076091 280.382743 -279.485377 -346.601043 316.800368 -28.780155 -137.121172 -269.340640 34.474076 -157.964709 123.023358 193.503873 44.766382 111.602586 -140.732658 164.696377 -1043.787861 -80.227717 65.489115 -203.048681 109.794725 114.185466 -467.049455 326.917652 -391.395173 -479.143133 313.128802 -138.495168 -432.126245 88.707636 -268.091015 180.243661 134.139562 -78.467215 -294.513487 -324.525894 43.768416 -199.210339 208.544759 -196.935871 -106.837027 198.190361 651.231465 435.315030 -194.013569 260.936022 -86.430713 266.509948 -59.629025 233.324722 150.682249 261.579591 -688.133558 -1079.788813 -374.893289 -174.372577 48.378901 -590.617519 -118.505391 365.267137 196.833855 -66.442086 -276.449449 -327.575691 -77.827801 409.024228 -370.630181 -205.976966 153.106010 259.629999 148.207149 318.763192 434.738166 163.189417 -969.945439 77.034714 -436.010331 125.697845 -141.956919 -117.936386 -325.552148 -582.071863 -440.360728 -409.730044 376.969928 -504.065862 -235.613087
72.498288 338.144899 -339.420022 397.491943 34.839467 328.577463 -244.855509 530.646970 72.789201 381.270910 -9.419377 -95.097113 -21.801331 -503.908121 -164.899385 158.835836 46.242137 -166.852254 -382.949895 -488.068307 145.611069 -520.826493 -97.990357 -386.455831 96.180538 33.965243 12.098365 446.962983 308.763090 -328.176633 -474.654863 -497.128196 -81.304112 186.243198 -252.241641 674.089915 150.576083 247.740869 729.458757 183.255349 -767.000602 151.708160 285.858411 -30.620985 21.399635 861.580008 -267.839214 227.044795 -48.040073 206.382527 -366.496836 325.665224 334.987541 423.500892 -19.507247 -2.593797 587.391828 113.187909 -1.422170 177.773094 400.788110 -176.266216 -220.418285 -102.509746 -589.046940 259.472754 -453.545862 8.521294 357.154519 124.731741 -41.329102 385.579615 -581.010302 -242.250510 -31.709495 133.045056 141.225027 582.938901 -331.452448 208.138398 -235.751467 340.788628 -102.178724 -605.619424 -412.822565 -16.182905 -121.333009 50.085732 429.109137 -117.093156 363.177247 -446.939761 108.021614 11.203907 490.606458 230.645765 -36.891251 501.863260 162.909527 73.854719
-739.354085 -115.630001 -309.281444 -245.670139 -394.221639 327.883457 285.061842 296.365994 -182.710347 69.455287 358.319871 -65.679710 -154.668337 -528.776845 -93.526313 874.305088 168.517309 -494.002519 -521.504072 -229.791088 -23.582267 558.186682 435.646042 559.079028 -232.803644 352.330833 -408.942887 -20.692205 283.598531 238.312328 348.174057 -462.229600 174.400862 -18.577962 -451.726546 -194.815508 -108.113272 420.583358 -411.164191 29.207692 317.610304 -297.546926 409.253964 -380.507011 -261.163456 73.568382 55.601002 -60.349913 301.620866 444.314907 264.534782 102.581327 44.598947 -55.258791 169.834415 4.488643 -60.965963 262.001882 476.635474 7.295795 125.987581 316.456372 220.917405 -192.446033 483.049370 540.132926 -54.878906 125.369788 -179.843322 -64.217206 249.021806 17.192083 -163.993970 4.359519 -651.091746 -68.233291 -387.172566 -184.864195 -479.318289 369.870562 -452.311813 482.157542 -314.983217 -103.669254 71.769669 252.986077 313.907537 88.653412 401.775025 -30.590870 -728.396735 -484.954880 -228.759794 -53.661250 364.180830 -366.872162 -395.080524 -142.074934 -474.681533 414.402505
240.215710 324.876313 302.992947 750.309328 260.675148 -101.066780 435.110789 61.994305 378.324983 598.764763 129.972650 159.522725 93.868295 7.070551 254.326560 14.395505 348.270149 204.023131 -287.194740 -8.420982 -79.793430 -262.810638 -772.838874 22.813389 -300.568516 877.790552 333.585523 499.463153 50.074570 -428.499957 214.013549 -305.957546 198.410581 55.833857 243.915656 -40.835943 44.906217 530.307437 -682.197587 191.581252 -126.772758 106.117418 209.518994 -506.926379 -269.601081 -335.922824 493.825223 -79.156927 186.951848 -147.395709 12.979137 20.134465 42.092071 89.276189 -418.616974 180.713582 242.097972 29.212848 23.293526 -85.437523 -299.793503 -827.827130 199.702871 -559.757632 88.765071 539.546008 -210.373405 -342.691389 -233.127015 -175.874764 462.741895 278.327318 -145.578872 770.105897 -25.427657 1045.753511 70.271273 -487.417809 -225.630488 -537.830713 152.615460 -16.697072 -534.665840 -157.661963 663.104773 -226.474482 800.564606 129.557754 223.439029 -84.531157 119.939286 277.207458 165.068227 -220.199392 642.022151 -21.327833 -121.557828 323.079553 -444.851517 435.816135
64.404064 -178.240129 33.545467 406.257384 165.560390 -21.921567 -80.138049 244.809634 -162.693488 -326.923944 -118.875173 -347.215891 530.195907 360.061104 213.339076 -754.000787 -463.056830 403.273368 26.056067 -353.082054 42.696623 -214.963718 -467.443181 -151.413759 111.532624 68.268205 468.025156 314.624642 -806.028203 112.676945 -703.570886 497.888268 -67.922013 -377.155026 145.852303 -83.947035 -288.820020 -283.509588 292.314376 16.674284 114.012281 131.881938 121.587646 -9.423821 -282.266678 114.458432 -420.640003 -29.854420 15.845191 88.618969 176.634463 -14.418996 -282.138785 373.436591 -219.227331 -399.878112 -446.375857 -130.767891 149.260587 60.437130 2.908472 47.234470 272.402180 149.117336 -239.322419 282.216507 -439.160226 -120.921187 91.645930 -54.424404 -163.656719 -569.195079 -81.424163 756.566747 2.737582 292.758217 129.531745 -683.206557 457.102542 -290.070054 -25.326328 74.957385 241.591254 362.214507 885.227329 -307.531744 -19.822598 201.894149 -535.512382 -12.359366 -121.398630 70.879822 329.667037 34.633871 -118.769932 259.101483 461.045186 -67.207909 -396.377982 -213.658285
515.648724 -59.469916 447.327667 179.382984 -437.342517 216.550680 584.808168 -424.630832 -132.447334 -264.546201 332.252191 -340.887820 -60.193968 -217.939382 499.372670 109.163404 -616.276073 -54.790707 -113.127021 654.508635 -589.145990 -35.090641 49.971237 234.656123 -240.373518 -167.193093 294.527970 -30.028107 -297.219661 12.870341 -396.349728 421.901102 232.111175 -221.873775 474.488753 -370.188742 -73.523249 44.635474 -308.413651 357.619475 99.309775 217.015692 -142.331013 427.910707 -784.018434 -144.513621 467.963704 171.503928 129.390888 175.221073 203.840333 242.403390 -110.024118 280.467141 23.288446 404.949656 -464.147236 460.894894 349.216035 7.995990 -207.782264 -178.805950 -432.388068 -123.165727 -572.066449 525.038019 -524.085404 186.965699 -66.594958 -590.931381 -49.816697 -472.749126 373.016109 209.284066 127.822625 -391.352144 -128.211433 -98.476425 553.178303 -527.515425 67.969818 -202.730002 348.024939 -504.857919 169.631428 56.661065 114.747262 -270.363333 65.516132 19.818665 -161.567522 44.189523 -100.594303 105.091501 275.576488 -523.287842 -79.362738 -360.919937 311.446918 267.123510
921.642635 -260.605024 -25.653170 179.265424 -265.555230 -338.879316 -46.059917 25.389592 -178.124380 133.750885 -8.187584 66.503449 -447.252403 155.019191 70.743561 46.051399 -123.630809 248.153087 -341.447425 -641.706326 -163.752215 -108.332326 -455.357971 50.665944 -448.051124 -415.847148 -141.609964 76.832017 22.996066 -240.714884 187.065691 183.400970 46.557748 -159.548943 114.005983 -462.972037 645.088439 692.693821 268.629500 -327.420386 339.084880 -342.450561 608.358125 51.452963 133.508273 186.591570 633.391297 -157.204766 -152.983512 24.259334 -59.587768 -285.988139 166.526433 26.959269 118.581182 -46.974381 14.038099 -124.391386 -52.003822 -358.703259 92.346117 452.442165 -306.371236 -362.719679 -873.870910 115.639708 450.894575 -55.571615 -79.149024 76.707825 245.249947 360.267281 -0.160118 83.778443 246.896944 -163.948473 40.520998 -149.465705 -468.520293 249.895898 134.389236 78.849226 337.069153 -1087.168043 303.646517 583.124212 75.262045 -332.016207 211.395335 -802.058646 -83.180551 52.210428 -244.101973 -333.384321 109.678206 -80.573912 -371.400934 -387.656101 143.388560 -244.092730
56.750014 20.795345 22.193374 -351.499952 -497.238157 130.493459 247.553173 -107.664918 105.533751 85.415988 862.597163 102.177839 207.175800 383.451690 114.734606 -11.477456 245.791325 -190.316809 37.144073 -37.779575 6.614557 -0.978568 90.257585 55.924153 -358.865519 -354.253075 -199.863298 -443.425217 -168.713395 98.544091 84.921660 266.163348 -382.146853 192.267875 296.891285 -19.895948 -411.780823 44.713269 -111.514643 83.326254 158.783045 -176.784414 89.072710 85.513201 175.153812 187.121975 -109.282989 -845.908207 316.727339 183.826043 -47.862043 31.006905 -55.876082 -522.134936 419.903577 70.938236 -491.086442 -244.798909 -335.446795 -39.373382 744.928548 -34.098455 104.389581 -394.863156 27.399321 -11.120154 579.377435 -1030.189792 -395.581692 -718.407690 -282.295465 474.431179 253.388576 -9.218424 217.896587 -355.389410 500.567313 212.848525 -343.409832 -165.057069 57.479133 -482.142233 681.962963 -105.871418 -489.748961 87.631146 51.948528 -484.362338 -10.923926 138.637308 394.751479 -649.185614 -60.805310 339.733969 130.240194 -86.610290 -509.534163 190.630044 861.627279 322.393503
-408.891418 -86.611373 199.722307 -7.370336 306.123932 -420.023414 -328.762955 524.147485 -294.233722 154.969517 32.523934 -289.692034 -81.315920 432.146565 79.089293 -296.740266 82.069843 478.339302 -257.306949 -50.343454 494.409848 -563.319110 -127.309934 -254.773564 -110.547217 -514.970862 -218.965391 -65.257503 380.428894 -16.557947 -329.870239 -30.321819 560.920096 201.007300 -16.660524 316.482413 -172.387678 482.477939 849.402255 -279.691369 417.504708 -286.568628 -555.229500 -41.173194 -336.506676 129.883476 -354.082541 -37.471433 200.697640 -399.461109 1.727363 172.932916 304.728092 -109.072561 203.572013 81.154436 -414.669051 -363.566148 163.979331 382.802276 373.073469 580.414786 -58.248128 84.952394 294.528204 -433.121927 -457.558783 183.633183 -404.267993 33.123532 -518.598666 -622.776124 400.007191 -224.868077 366.896519 -95.531112 505.567162 -251.874723 633.756926 -279.755339 70.679058 26.604838 120.207533 1208.562143 -16.189797 300.212054 -24.301316 73.728056 -555.867459 661.671570 -81.470503 76.859272 -122.421245 379.409065 -483.155625 174.342073 -161.522789 27.068641 277.325435 -438.234832
-527.389798 113.612799 -52.307994 -191.601236 -76.255352 -7.668274 560.937265 698.303255 27.357182 571.281813 119.012972 65.864817 -614.011105 -74.080536 -103.385277 231.527325 466.102520 -282.460879 494.832392 418.622011 708.453694 -180.819681 -90.403979 -120.317409 518.913196 -42.739683 92.655499 -190.452978 57.148988 -400.336693 944.988553 -363.749369 -477.586606 295.880130 136.533176 -149.898494 567.010695 115.388980 -11.511490 572.467217 432.981282 54.488075 22.745885 416.679857 -243.952974 617.450856 -215.619348 36.639285 -263.550566 -136.233394 -82.193418 1266.862492 -18.436701 -95.948822 119.591115 565.440225 -418.156969 88.930624 -310.158123 422.589240 416.158345 -119.592237 -377.600094 -113.528883 249.572637 -22.166889 -102.441311 353.536447 -584.913106 217.880990 208.875468 -20.402046 -321.960913 -149.909700 -14.963025 -127.051112 -80.360410 56.608399 -685.011211 -98.119736 -42.186613 -433.665198 -247.492918 75.795394 -15.393719 641.084763 -280.987665 -80.529947 498.863699 -120.751986 -450.823433 533.493851 15.263468 348.347427 155.666827 -317.273936 17.091172 38.466632 248.269371 -150.247193
-85.225077 -340.715616 -585.716579 -25.980638 34.278345 -451.836566 554.478666 270.490911 -800.921153 -178.176554 341.530706 27.870879 428.084934 -169.282228 90.578731 -253.353815 -463.893867 -300.307408 -210.804697 156.032767 245.188696 -347.510507 -398.870210 168.116883 -331.916581 -150.688190 182.438421 177.931412 -49.760114 -203.952608 131.335262 -118.376517 286.982937 316.748051 -121.436644 -135.755173 -124.152914 -374.267778 102.943721 515.489818 464.997511 -352.891209 -269.358719 -34.151020 -876.998955 605.662237 181.866001 -510.715479 -586.179299 -4.006344 328.248951 -268.652511 380.501320 -124.928919 261.723237 8.858798 -139.184045 251.446233 -152.851720 430.098060 -644.708361 -191.052083 547.306978 -138.817589 -405.790758 236.121709 -423.068156 -669.294802 -283.268170 167.271180 -445.462950 167.442531 89.333809 -380.628607 612.278310 497.365547 284.131283 -130.442487 405.820184 -401.978555 330.392477 611.094093 15.620507 323.082999 -206.006287 -555.785127 113.450004 510.143677 21.689126 437.451199 177.100915 269.873437 92.828828 -362.774225 168.129968 -14.995559 -333.527256 -76.842836 -425.100419 -26.187788
-270.236767 220.678080 -424.289381 50.444782 -235.586548 -264.248082 96.136952 7.546040 157.816840 151.325084 -559.771255 125.041404 -459.397776 -254.123130 20.073870 263.606103 -49.993703 -395.395405 -22.983444 -366.566495 -141.654599 54.431084 193.161163 209.060597 -309.131901 494.969787 -397.080947 -42.109994 -113.904843 -28.252796 223.566669 319.723210 414.363128 -156.959042 221.133187 -269.749252 -98.327757 -228.223535 -139.977693 135.806887 -598.696596 65.111061 -17.671303 -726.478888 -254.033163 -151.204985 191.288976 -265.847376 228.900077 191.488224 -725.815185 -128.913949 697.941756 122.473039 173.889256 -380.849856 -11.492324 329.734470 1489.261414 -591.839481 -520.651182 -267.821069 388.668250 -69.217089 139.431008 427.435653 215.017199 -15.942332 137.491403 225.330441 488.580210 -292.495925 686.307733 487.226879 -595.785998 329.258399 -359.607690 421.854393 -72.582806 -278.190273 -58.369353 200.072728 187.978837 -730.176862 -82.818051 -60.366796 453.864360 112.862075 -314.178455 -380.419976 -613.947743 145.177685 353.970901 -431.955340 249.361240 -302.434574 -42.416298 -480.590655 53.990246 -325.835772
-148.015904 -45.777991 -97.760359 73.526144 -250.098583 -463.991338 135.610572 -28.931785 -110.941649 120.622211 -1.304653 -181.435495 -128.557253 -280.497899 -53.823543 -592.095065 -267.985029 201.794373 237.677731 38.619726 -225.533316 603.389314 -518.097173 290.578888 -96.696643 244.820425 -14.053866 182.379101 -159.307472 -309.762313 -96.042510 337.297264 6.253548 130.301312 412.042969 198.502005 335.427239 50.535740 -138.893001 279.728861 -239.971124 401.964349 179.542087 -524.519538 339.956026 465.483480 -424.615317 -144.462584 114.543468 -427.665125 -98.976673 57.340322 -266.159709 417.502947 -40.790611 458.596945 384.518472 305.737680 -88.248579 -291.245370 -369.378876 93.202391 527.223110 -39.100503 244.727252 -179.606532 -283.752915 495.398363 52.539183 249.713270 -285.995309 67.318455 -287.670560 391.204635 605.657139 214.176215 426.604735 -108.358641 -123.778052 373.639942 33.120982 180.898610 389.529977 181.435702 -253.444245 -472.499750 54.860169 -481.853684 38.096098 -138.388632 21.291966 -378.867541 51.427847 -315.536474 19.617609 -71.386088 456.957541 427.727615 -369.646570 -78.620882
-324.606403 -276.590027 -608.534064 -312.346371 104.932901 -221.866799 357.090714 215.654775 -94.643057 -209.733712 99.200197 -574.513890 -110.759214 -510.339080 216.379270 831.837568 -481.684733 80.370131 274.235262 298.398967 -94.304924 -49.164191 -303.302359 240.374326 363.657245 -170.514487 -270.583958 -24.149056 221.358417 -701.761026 -48.840115 430.907080 -29.752423 81.488703 240.700086 362.099058 -9.130945 -426.167550 -871.921947 35.421807 -137.301943 -791.050903 355.511683 239.286654 -458.123859 161.057824 -130.694706 314.398108 -184.105057 -379.589619 -115.851620 -413.988849 39.626050 218.072089 -364.406257 663.526180 528.625465 239.507972 -164.063046 -93.627023 -372.991038 -32.355643 62.803497 -8.105744 -403.137318 449.915118 -83.079747 553.392026 110.128255 -332.678004 -46.621315 -355.214699 235.295301 -470.508012 347.662734 -453.231094 -247.669061 434.422452 -6.258152 58.413969 21.271065 143.314678 -80.511134 -182.394809 -346.928206 -109.367982 177.373466 653.813692 -148.309232 206.190644 52.181561 -307.379759 -225.116842 -195.540110 -76.756265 -422.158789 -157.795852 -398.720319 200.848065 -62.090621
930.107542 -112.373132 -3.257195 -45.057490 195.091817 -290.264499 -311.942758 145.586010 671.943462 235.390195 27.091567 657.393265 -189.949387 -443.062771 -263.078955 149.075869 519.367743 -21.973086 -179.839624 -232.140414 149.751236 27.763475 -473.309999 176.599840 -67.194812 -347.624368 245.337844 445.605505 -303.500963 -183.654982 345.144368 44.456972 126.270181 -613.311676 425.216230 489.537826 549.068870 26.792308 40.829233 -191.422046 52.083969 -471.337683 267.821990 410.906011 -178.504572 -570.891602 -16.286382 -162.496229 -87.263593 -603.580069 -92.302684 -245.896467 -571.309105 134.842516 -279.186926 -553.405628 -63.248604 261.434430 -472.758412 -340.325692 101.344194 440.288600 -78.998816 -235.828933 -569.024427 22.567433 490.526212 -11.597164 420.265719 37.406106 -116.465198 67.990437 -626.456927 122.012005 -179.550097 -557.854708 -117.124305 -70.937105 -753.420431 510.010054 333.453010 66.336341 -601.188197 168.338208 -663.665917 -367.793323 194.956678 377.012134 218.509652 5.471744 338.310654 597.155708 526.222472 158.742696 -139.420010 223.362837 70.651079 -222.477389 643.621823 107.241497
-719.053731 -210.288142 -331.558280 -302.309347 -425.311438 -449.915805 127.992563 -20.380078 341.996113 -296.053739 -330.297999 740.264048 185.728072 -270.379475 179.023694 -24.801147 -22.230634 -328.284040 -186.136342 -313.806998 -355.917977 -951.230285 -317.031425 -216.286548 191.192829 656.041693 580.891710 -499.589726 2.968870 -274.799766 253.757118 -565.777192 -89.150793 110.138856 71.195328 415.277635 -234.568204 179.670716 55.172421 202.464867 137.799446 608.892344 431.481058 -608.807668 -110.833694 466.391752 -725.806933 -209.324988 -136.323722 -237.561763 -25.703926 9.727057 -364.590450 152.989708 249.327067 369.516664 221.196169 115.395569 104.055419 -77.953171 498.455613 81.758901 185.974140 310.469471 509.076333 -311.450016 -404.623040 -495.814076 -882.229577 -232.817294 -258.712839 684.520820 -969.679219 -0.665424 -175.003854 -56.595943 74.017768 -42.208042 -235.957331 154.262269 -285.017433 515.214347 -115.470878 293.108800 274.315862 -468.532917 -855.265756 -113.469017 -41.841395 -418.157017 -512.707053 0.081210 -112.247791 -601.405149 110.519421 -324.124775 102.939706 -71.723804 -162.710197 63.478024
63.821917 -143.050440 -286.865743 -25.494138 -345.380434 -219.228737 15.404226 136.407392 -992.452635 -200.165874 404.314084 760.650710 30.062159 -350.008428 -67.166489 76.211642 -400.584384 -35.834938 67.018012 -586.406451 558.994725 637.671018 -66.958257 -54.537848 -36.574944 326.932594 -287.223070 -164.246134 22.257475 -31.593046 182.740138 -333.145316 -115.747352 250.670899 385.047846 -234.047260 239.159116 -105.386066 590.238596 -429.135285 -241.263723 -361.340550 -149.260282 -109.101029 -146.428844 -214.722801 625.737376 -44.889004 -105.140281 -43.934014 -1015.445920 28.221936 497.328797 204.671921 258.134460 -124.966704 251.967336 480.724909 -153.640954 -264.839032 -388.896884 -155.200706 -401.446074 -433.519954 300.702303 -73.936938 -24.071530 233.558240 818.714795 197.229046 29.036423 329.857797 -5.952139 155.829675 -55.338440 366.435966 285.977419 41.657018 -112.336405 -258.168696 277.348075 171.869815 616.386964 -677.715041 -565.831187 151.348191 -203.678271 -294.218169 31.503330 331.816948 429.354689 186.082687 -77.701898 436.242612 46.290735 -499.172459 -276.378594 -28.531949 -127.104169 90.805526
126.859017 194.022145 275.370460 -4.903958 302.351050 260.730783 -268.711594 -478.434885 246.480381 247.125335 84.499243 -321.275628 -84.236099 846.115133 -42.638419 79.178778 453.288581 36.810608 -532.645441 715.240268 66.846098 -41.775426 1129.242184 -380.889599 -220.068753 108.219526 -73.503419 422.879418 351.875665 589.462429 244.225219 408.251462 414.861202 375.621321 -277.384453 -3.438886 -188.275994 352.925165 123.336638 -134.780917 -246.739331 231.955141 -557.145060 89.408276 -5.939829 3.588923 92.082395 320.387336 204.687404 16.160098 12.609207 -689.845170 218.910903 -513.669669 -48.804058 394.903895 -308.409300 -432.580653 229.072480 737.705107 -132.491185 437.694155 318.018308 39.884594 -85.989058 149.888564 -238.241069 -596.296824 112.902310 -323.206172 -189.429367 -31.973655 626.311569 -486.070174 -67.047814 -270.219031 -5.832502 -422.186360 2.195621 263.764300 -729.139037 206.634715 124.581673 547.518469 162.572496 292.699577 376.470519 -37.592932 31.428755 -62.957297 -265.584750 -160.884196 -2.071165 214.891258 -98.805549 224.839601 -328.658141 211.183640 214.682543 -113.571144
-430.223450 203.788157 637.701710 553.528138 281.685613 135.997070 -370.268879 48.029225 -33.187442 -209.791350 259.376122 305.669042 318.810977 742.657095 15.003787 141.661370 -381.233368 36.674178 112.540152 -189.026882 137.005232 -95.953809 -73.334835 -273.007072 -389.668266 -54.331281 -154.829768 -185.710820 -3.855853 918.191611 -102.265806 629.146879 -34.977107 359.330150 188.621586 -50.926104 -288.866282 802.662654 287.977673 -184.417781 -54.223713 176.940817 -231.469401 -528.455143 93.612677 -95.717517 40.460278 328.845557 14.818796 300.241908 304.725820 -421.655576 -350.635355 -25.575032 169.067070 -644.924069 -265.718593 -80.621320 368.098335 -240.325411 158.954466 132.666766 -150.158950 -236.123533 -135.320582 -301.966287 85.046723 -507.245371 -438.081733 -489.206213 -599.435776 135.788365 278.948798 -367.013194 30.219933 -98.213228 -312.145723 -168.464038 156.997543 18.946811 -9.967603 -841.462114 -227.944832 198.591073 557.213659 84.744108 488.683808 290.603657 75.440874 -292.723363 -300.730759 26.611133 -244.688711 167.234455 120.051150 665.511423 295.855412 -514.474250 -126.190349 -573.945126
298.986212 -217.501165 -178.439180 -533.399470 -28.600582 56.350986 -67.707327 420.757250 -433.705135 -159.831701 78.493361 64.059489 -362.931782 -23.295774 84.773021 4.791720 217.547024 -144.863075 64.928424 732.153848 -444.967448 -237.113706 160.075760 -119.364603 194.570959 -583.598497 -293.140924 -212.549174 14.850773 -415.618139 440.373171 92.272053 -454.960686 225.966573 -440.823503 -187.781861 151.007824 -215.513820 -169.800158 283.391842 -122.640055 -347.079562 616.782711 443.051197 400.925528 116.476804 -29.577274 81.231850 -361.882272 -141.565406 253.557997 425.916439 -566.740640 -684.124541 -52.742770 646.515844 255.742431 -107.584007 -97.336409 552.325445 536.005328 -23.828129 191.378137 -30.545023 16.986532 -389.645149 172.825736 -180.154655 -489.877210 277.348354 87.959188 -91.910353 519.720941 -259.732799 -77.425484 -157.504232 95.339793 53.875014 -271.976689 250.198576 -225.939405 97.621923 326.401900 -109.321650 137.120977 -126.000557 -177.643450 -680.059096 928.973170 95.950107 397.607800 439.495287 -450.871569 -484.265015 -262.244108 529.095640 -254.812971 -374.248177 -209.601479 -165.772723
-366.516916 -3.011861 -164.017148 362.222657 3.723202 206.759115 -71.562211 570.533146 -436.573080 501.982505 -88.116600 145.439327 -460.813815 -139.637311 -336.276160 307.835267 374.434673 230.975764 -47.550673 328.565557 796.232940 337.380891 51.278683 -406.212895 260.031946 100.474929 -0.768130 -43.562901 -227.530844 86.345956 -288.290903 -726.711277 -67.733625 -237.084739 176.941961 -242.482187 -7.211736 -91.657469 -118.353037 114.077480 -224.376174 -197.372341 128.473363 442.279263 -420.880946 -378.986596 361.206783 -105.074438 386.923220 626.727875 -13.306070 161.945955 216.236862 -334.779143 -363.312672 -300.553744 -370.014692 -320.610390 -547.726017 294.140843 139.015791 -84.962456 -396.614130 233.971358 -108.578848 299.267900 -90.273758 251.932726 161.071522 -62.248672 -7.720515 475.273238 -126.457667 -558.964147 -640.229043 -101.669118 -40.555201 -132.363622 -4.815094 -420.532153 441.629288 -68.183922 -456.169633 184.030432 57.770019 833.837667 -199.764346 83.933211 134.034970 -13.545360 618.269965 123.165227 295.924004 427.351000 699.708564 -108.232360 42.472307 308.912969 -643.048269 -278.426382
